Date Sold,Parcel Number,Legal Description,APN,Owner Name Address,longitude,latitude,Situs Address,URL,Source,Page No.
Could not process page 3
"August 27, 2012",K2011-01009,GREGORY PLACE NO 2 LOT 67 ,13-430-05-11-00-0-00-000,"H. BRADLEY ROBERTSON, 838 NORTH KANSAS AVENUE, KANSAS CITY, MO 64120",-94.5476295463,39.1261707662,"1000 N CHESTNUT AVE, KANSAS CITY, MO 64127",http://maps.jacksongov.org/PropertyReport/propertyReport.cfm?pid=13-430-05-11-00-0-00-000,data/PDFs/2011/kc report of sale vol. 1-ocr.pdf,4
"August 27, 2012",K2011-01013,EAST LYNNE LOT 83 ,13-430-17-30-02-0-00-000,"H. BRADLEY ROBERTSON, 838 NORTH KANSAS AVENUE, KANSAS CITY, MO 64120",-94.5467024173,39.1232842966,"822 N KANSAS AVE, KANSAS CITY, MO 64120",http://maps.jacksongov.org/PropertyReport/propertyReport.cfm?pid=13-430-17-30-02-0-00-000,data/PDFs/2011/kc report of sale vol. 1-ocr.pdf,5
"August 27, 2012",K2011-01020,SMITH BROS ADD LOT 16 ,13-720-10-13-00-0-00-000,"ADCIP, LLC, 487 JAMES JACKSON AVENUE, CARY, NC 27513",-94.5100317971,39.1165898743,"421 N WHEELING AVE, KANSAS CITY, MO 64123",http://maps.jacksongov.org/PropertyReport/propertyReport.cfm?pid=13-720-10-13-00-0-00-000,data/PDFs/2011/kc report of sale vol. 1-ocr.pdf,6
"August 27, 2012",K2011-01022,CECIL HEIGHTS N 27.5' OF TH S 45' LOT 13 ,13-720-18-20-00-0-00-000,"JAROD JAMISON, 5400 JOHNSON DRIVE, tt 134, MISSION, KS 66205",-94.5119205744,39.1146390539,"316 N WHITE AVE, KANSAS CITY, MO 64123",http://maps.jacksongov.org/PropertyReport/propertyReport.cfm?pid=13-720-18-20-00-0-00-000,data/PDFs/2011/kc report of sale vol. 1-ocr.pdf,7
"August 27, 2012",K2011-01031,POCONO MANOR LOT 36 ,13-730-07-09-00-0-00-000,"TRI MINH BUI, 4121 N HARRISON AVE, KANSAS CITY, MO 64116",-94.5130009924,39.1097541494,"317 BELLAIRE AVE, KANSAS CITY, MO 64123",http://maps.jacksongov.org/PropertyReport/propertyReport.cfm?pid=13-730-07-09-00-0-00-000,data/PDFs/2011/kc report of sale vol. 1-ocr.pdf,8
"August 27, 2012",K2011-01034,OVERLAND LOT 41 ,13-730-14-20-00-0-00-000,"ADCIP, LLC, 487 JAMES JACKSON AVENUE, CARY, NC 27513",-94.5142077224,39.1071307183,"5800 THOMPSON AVE, KANSAS CITY, MO 64123",http://maps.jacksongov.org/PropertyReport/propertyReport.cfm?pid=13-730-14-20-00-0-00-000,data/PDFs/2011/kc report of sale vol. 1-ocr.pdf,9
"August 27, 2012",K2011-01044,SCHELLS ADD E 33 1/3 FT OF LOT 41 ,13-810-19-11-00-0-00-000,"ANNIE FLORES, 2101 NE SHADY LANE DRIVE, KANSAS CITY, MO 64118",-94.5200937336,39.1151884631,"5215 LYON AVE, KANSAS CITY, MO 64123",http://maps.jacksongov.org/PropertyReport/propertyReport.cfm?pid=13-810-19-11-00-0-00-000,data/PDFs/2011/kc report of sale vol. 1-ocr.pdf,10
"August 27, 2012",K20," NORTH BURGE PARK PT LOTS 2-4 BLK 13 DAF: BEG N LI LOT 4 AT A PT 23.21' SWLY FROM NE COR TH NELY ALG NLY LINES LOT 3 & 4  50.71' MOL TH SELY TO PT SLY LI LOT 2, 21' MOL NELY FROM SW COR SD LOT 2 TH SWLY ALG SLY LINES 2 & 3 50. 71' MOL TH NWLY TO POB ",13-820-04-03-00-0-00-000,,-94.5271521787,39.1180319416,"4609 GLADSTONE BLVD, KANSAS CITY, MO 64123",http://maps.jacksongov.org/PropertyReport/propertyReport.cfm?pid=13-820-04-03-00-0-00-000,data/PDFs/2011/kc report of sale vol. 1-ocr.pdf,11
"August 27, 2012",K2011-01056,BELGRAVIA E 44' OF LOT 5 BLK 5 ,13-820-16-09-00-0-00-000,"URIEL V. VASQUEZ, 4841 EAST 17TH STREET, KANSAS CITY, MO 64127",-94.5293329125,39.1145791383,"4419 SCARRITT AVE, KANSAS CITY, MO 64123",http://maps.jacksongov.org/PropertyReport/propertyReport.cfm?pid=13-820-16-09-00-0-00-000,data/PDFs/2011/kc report of sale vol. 1-ocr.pdf,12
"August 27, 2012",K2011-01057,BURGE PARK LOT 18 BLK 3 ,13-820-21-10-00-0-00-000,"JOE CEDILLO, 518 PROSPECT, KANSAS CI1Y, MO 64124",-94.5265250432,39.1133981669,"115 N LAWN AVE, KANSAS CITY, MO 64123",http://maps.jacksongov.org/PropertyReport/propertyReport.cfm?pid=13-820-21-10-00-0-00-000,data/PDFs/2011/kc report of sale vol. 1-ocr.pdf,13
"August 27, 2012",K2011-01058,ABINGTON PARK NO 2 LOT 15 BLK 4 ,13-830-03-16-00-0-00-000,"JOSE MORALES, 4841 EAST 17TH STREET, KANSAS CITY, MO 64127",-94.5266406485,39.1110480424,"145 LAWN AVE, KANSAS CITY, MO 64123",http://maps.jacksongov.org/PropertyReport/propertyReport.cfm?pid=13-830-03-16-00-0-00-000,data/PDFs/2011/kc report of sale vol. 1-ocr.pdf,14
"August 27, 2012",K2011-01062,ABINGTON PARK NO 2 LOT 8 BLK 2 ,13-830-13-24-00-0-00-000,"JIM PHOUTHA KITIVORAVONG, 1016 SOUTH LENNOX DRIVE, OLATHE, KS 66062",-94.5273411381,39.1100476864,"322 LAWN AVE, KANSAS CITY, MO 64124",http://maps.jacksongov.org/PropertyReport/propertyReport.cfm?pid=13-830-13-24-00-0-00-000,data/PDFs/2011/kc report of sale vol. 1-ocr.pdf,15
"August 27, 2012",K2011-01076,WINRAM PARK LOT 24 ,13-840-12-31-00-0-00-000,"LESLIE MORA, 1312 MONROE, KANSAS CITY, MO 64127",-94.5156858028,39.1095110896,"332 LAWNDALE AVE, KANSAS CITY, MO 64123",http://maps.jacksongov.org/PropertyReport/propertyReport.cfm?pid=13-840-12-31-00-0-00-000,data/PDFs/2011/kc report of sale vol. 1-ocr.pdf,16
"August 27, 2012",K2011-01081,LA VETA PLACE N 37.5' LOT 23 & S 5' LOT 24 BLK 1 ,13-840-18-03-00-0-00-000,"ROBERTO GONZALEZ, 318 NORTH CLINTON PLACE, KANSAS CITY, MO 64123",-94.5197756644,39.1086258785,"405 COLORADO AVE, KANSAS CITY, MO 64124",http://maps.jacksongov.org/PropertyReport/propertyReport.cfm?pid=13-840-18-03-00-0-00-000,data/PDFs/2011/kc report of sale vol. 1-ocr.pdf,17
"August 27, 2012",K2011-01082,LA VETA PLACE N 33 1/3' OF LOT 18 BLK 1 & S 1  1/2' OF LOT 19 BLK 1 ,13-840-18-10-00-0-00-000,"INFINITY PRIVATE MARKETS GROUP LLC, P.O. BOX 4087, ITHACA, NY 14852",-94.5198145044,39.1079436163,"425 COLORADO AVE, KANSAS CITY, MO 64124",http://maps.jacksongov.org/PropertyReport/propertyReport.cfm?pid=13-840-18-10-00-0-00-000,data/PDFs/2011/kc report of sale vol. 1-ocr.pdf,18
"August 27, 2012",K2011-01096,WALROND PLACE S 14.67 FT OF N 49.06 FT OF LOTS 16 & 17 BLK 2 ,13-930-02-25-00-0-00-000,"SLK TAX SALE LLC, 11 SOUTH OLIVE STREET, SUITE 100, MEDIA, PA 19063",-94.5423062425,39.1117709234,"214 INDIANA AVE, KANSAS CITY, MO 64123",http://maps.jacksongov.org/PropertyReport/propertyReport.cfm?pid=13-930-02-25-00-0-00-000,data/PDFs/2011/kc report of sale vol. 1-ocr.pdf,19
"August 27, 2012",K2011-01103,GRANDY'S ADD AMENDED PLAT 0 FLOT 25 & 26 ,13-930-26-01-00-0-00-000,"MUSE ELM! AND, HANA FARAH 507 PROSPECT AVENUE, KANSAS CITY, MO 64124",-94.5493710941,39.1088955143,"432 MONTGALL AVE, KANSAS CITY, MO 64124",http://maps.jacksongov.org/PropertyReport/propertyReport.cfm?pid=13-930-26-01-00-0-00-000,data/PDFs/2011/kc report of sale vol. 1-ocr.pdf,20
"August 27, 2012",K2011-0, PHILLIPS E A  SUB W 12.5' LOT 17 & E 25' LOT 18 BLK 1 ,13-930-29-08-00-0-00-000,,-94.5432133198,39.1076117916,"3229 THOMPSON AVE, KANSAS CITY, MO 64124",http://maps.jacksongov.org/PropertyReport/propertyReport.cfm?pid=13-930-29-08-00-0-00-000,data/PDFs/2011/kc report of sale vol. 1-ocr.pdf,21
"August 27, 2012",K2011-01114,SMARTS D O  SUB W 129.37' OF E 160' OF S 102' OF N 132' OF LOT 14 ,13-930-30-31-00-0-00-000,"ADCIP, LLC, 487 JAMES JACKSON AVENUE, CARY, NC 27513",-94.5437752704,39.1067524873,"3221 ROBERTS ST, KANSAS CITY, MO 64124",http://maps.jacksongov.org/PropertyReport/propertyReport.cfm?pid=13-930-30-31-00-0-00-000,data/PDFs/2011/kc report of sale vol. 1-ocr.pdf,22
"August 27, 2012",K2011-0, BUCKNER PLACE W 1' LDT 40 & E 29.5' LOT 41 ,13-940-08-30-00-0-00-000,,-94.5367035432,39.1118955311,"3809 MORRELL AVE, KANSAS CITY, MO 64123",http://maps.jacksongov.org/PropertyReport/propertyReport.cfm?pid=13-940-08-30-00-0-00-000,data/PDFs/2011/kc report of sale vol. 1-ocr.pdf,23
"August 30, 2012",K2011-01126,BETHESDA PLACE #2 S 1/2 OF LOT 38 ,13-940-19-08-00-0-00-000,"REVITE LLC, 7437 PARK AVENUE, KANSAS CITY, MO 64132",-94.5337287173,39.1087343116,"415 NORTON AVE, KANSAS CITY, MO 64124",http://maps.jacksongov.org/PropertyReport/propertyReport.cfm?pid=13-940-19-08-00-0-00-000,data/PDFs/2011/kc report of sale vol. 1-ocr.pdf,24
"August 30, 2012",K2011-01135, PAD'S 4TH ADD ALL OF LOT 17 S 33 FT OF N 66 FTOF LOT 19 ,13-940-31-24-00-0-00-000,,-94.5345860195,39.1060069483,"540 NORTON AVE, KANSAS CITY, MO 64124",http://maps.jacksongov.org/PropertyReport/propertyReport.cfm?pid=13-940-31-24-00-0-00-000,data/PDFs/2011/kc report of sale vol. 1-ocr.pdf,25
"August 27, 2012",K20, BETHESDA PLACE LOTS 13-16 BLK 2 ,13-940-3 2-09-00-0-00-000,,,,,http://maps.jacksongov.org/PropertyReport/propertyReport.cfm?pid=13-940-3 2-09-00-0-00-000,data/PDFs/2011/kc report of sale vol. 1-ocr.pdf,26
"August 27, 2012",K2011-01142,WASHINGTON W 29.6' OF E 35' LOT 4 BLK 7 ,14-930-11-03-00-0-00-000,"SLK TAX SALE LLC, 11 SOUTH OLIVE STREET, SUITE 100, MEDIA, PA 19063",-94.4869878341,39.1091455228,"8115 WILSON AVE, KANSAS CITY, MO 64125",http://maps.jacksongov.org/PropertyReport/propertyReport.cfm?pid=14-930-11-03-00-0-00-000,data/PDFs/2011/kc report of sale vol. 1-ocr.pdf,27
"August 30, 2012",K2011-01149,ATHOL LOT 294 ,14-940-25-08-00-0-00-000,"DAEWUN SIN, 6324 NORTH CHATHAM AVENUE, # 327, KANSAS CITY, MO 64151",-94.4815610899,39.1044834268,"8609 ROBERTS ST, KANSAS CITY, MO 64125",http://maps.jacksongov.org/PropertyReport/propertyReport.cfm?pid=14-940-25-08-00-0-00-000,data/PDFs/2011/kc report of sale vol. 1-ocr.pdf,28
"August 30, 2012",K2011-01159,LEWIS PLACE LOT 23 ,27-310-03-50-00-0-00-000,"TU ANH BUI, 4121 NORTH HARRISON AVENUE, KANSAS CITY, MO 64116",-94.4799287788,39.1027318925,"656 LEWIS AVE, KANSAS CITY, MO 64125",http://maps.jacksongov.org/PropertyReport/propertyReport.cfm?pid=27-310-03-50-00-0-00-000,data/PDFs/2011/kc report of sale vol. 1-ocr.pdf,29
"August 31, 2012",K2011-01164,CLAUDE L LAMBERT 1ST ADD TO LAMBERT GROVE A TR20' WIDE DAF: TH N 40' OF S 103.75' OF LOT 27 ADJ E OF LOT 21 ,27-310-04-31-02-0-00-000,"RALPH NEVELS, 4110 EAST 6TH STREET, KANSAS CITY, MO 64124",,,,http://maps.jacksongov.org/PropertyReport/propertyReport.cfm?pid=27-310-04-31-02-0-00-000,data/PDFs/2011/kc report of sale vol. 1-ocr.pdf,30
"August 27, 2012",K2011-01171,BLUE SUMMIT RESURVEY LOTS 7 & 8 LOTS 284-286 (EX W 9.81') ,27-410-15-06-00-0-00-000,"TALIGAI P. JOHNSON AND, TERESA J. JOHNSON 2108 ASHLAND AVENUE, KANSAS CITY, MO 64126",,,,http://maps.jacksongov.org/PropertyReport/propertyReport.cfm?pid=27-410-15-06-00-0-00-000,data/PDFs/2011/kc report of sale vol. 1-ocr.pdf,31
"August 30, 2012",K201, EAST RIDGEWAY S 1/2 OF LOT 16 BLK 7 ,28-110-11-14-00-0-00-000,,-94.5025195585,39.1032664270,"703 EWING AVE, KANSAS CITY, MO 64125",http://maps.jacksongov.org/PropertyReport/propertyReport.cfm?pid=28-110-11-14-00-0-00-000,data/PDFs/2011/kc report of sale vol. 1-ocr.pdf,32
"August 27, 2012",K2011-0, DICKSON PARK LOT 4 ,28-120-23-05-00-0-00-000,,-94.5121198544,39.1009472563,"5853 E 9TH ST, KANSAS CITY, MO 64125",http://maps.jacksongov.org/PropertyReport/propertyReport.cfm?pid=28-120-23-05-00-0-00-000,data/PDFs/2011/kc report of sale vol. 1-ocr.pdf,33
"August 27, 2012",K2011-01225,HIGHPOINT LOT 227 ,28-130-22-09-00-0-00-000,"ADCIP, LLC, 487 JAMES JACKSON AVENUE, CARY, NC 27513",-94.5116088814,39.0927210880,"6017 E 15TH TER, KANSAS CITY, MO 64126",http://maps.jacksongov.org/PropertyReport/propertyReport.cfm?pid=28-130-22-09-00-0-00-000,data/PDFs/2011/kc report of sale vol. 1-ocr.pdf,34
"August 27, 2012",K2011-01226,HIGHPOINT LOT 228 ,28-130-22-10-00-0-00-000,"LESLIE MORA, 1312 MONROE, KANSAS CITY, MO 64127",-94.5117213360,39.0927239711,"6015 E 15TH TER, KANSAS CITY, MO 64126",http://maps.jacksongov.org/PropertyReport/propertyReport.cfm?pid=28-130-22-10-00-0-00-000,data/PDFs/2011/kc report of sale vol. 1-ocr.pdf,35
"August 27, 2012",K2011-01227,HOLCOMB PLACE LOT 45 ,28-130-23-09-00-0-00-000,"JUAN J. FERNANDEZ, 5228 SAIDA AVENUE, KANSAS CITY, MO 64123",-94.5090163712,39.0926534072,"6229 E 15TH TER, KANSAS CITY, MO 64126",http://maps.jacksongov.org/PropertyReport/propertyReport.cfm?pid=28-130-23-09-00-0-00-000,data/PDFs/2011/kc report of sale vol. 1-ocr.pdf,36
"August 27, 2012",K2011-01233,HIGHPOINT LOT 60 ,28-130-28-14-00-0-00-000,"DAMEON R. JOHNSON SR., 6672 MONROE STREET, KANSAS CITY, MO 64132",-94.5145601277,39.0920422172,"1601 TOPPING AVE, KANSAS CITY, MO 64126",http://maps.jacksongov.org/PropertyReport/propertyReport.cfm?pid=28-130-28-14-00-0-00-000,data/PDFs/2011/kc report of sale vol. 1-ocr.pdf,37
"August 27, 2012",K201, HIGHPOINT LOTS 72 & 73 ,28-130-29-14-00-0-00-000,,-94.5146226725,39.0907700879,"1639 TOPPING AVE, KANSAS CITY, MO 64126",http://maps.jacksongov.org/PropertyReport/propertyReport.cfm?pid=28-130-29-14-00-0-00-000,data/PDFs/2011/kc report of sale vol. 1-ocr.pdf,38
"August 27, 2012",K2011-01235, HIGHPOINT LOT 178 ,28-130-29-24-00-0-00-000,,-94.5129046643,39.0906433357,"1640 WHITE AVE, KANSAS CITY, MO 64126",http://maps.jacksongov.org/PropertyReport/propertyReport.cfm?pid=28-130-29-24-00-0-00-000,data/PDFs/2011/kc report of sale vol. 1-ocr.pdf,39
"August 27, 2012",K2011-01251,"CENTROPOLIS LOTS 31 & 32, BLK 25 ",28-140-11-28-00-0-00-000,"FRANCISCO J. HERNANDEZ SR. AND, MARIA G. HERNANDEZ 1309 BENNINGTON AVENUE, KANSAS CITY, MO 64126",-94.5052127867,39.0947662157,"1321 BENNINGTON AVE, KANSAS CITY, MO 64126",http://maps.jacksongov.org/PropertyReport/propertyReport.cfm?pid=28-140-11-28-00-0-00-000,data/PDFs/2011/kc report of sale vol. 1-ocr.pdf,40
"August 27, 2012",K2011-01257,WEST MANCHESTER ALL OF LOT 59 W 5  FT OF LOT 60 BLK 3 ,28-140-22-15-00-0-00-000,"ADCIP, LLC, 487 JAMES JACKSON AVENUE, CARY, NC 27513",-94.5049385080,39.0912830958,"6614 E 16TH TER, KANSAS CITY, MO 64126",http://maps.jacksongov.org/PropertyReport/propertyReport.cfm?pid=28-140-22-15-00-0-00-000,data/PDFs/2011/kc report of sale vol. 1-ocr.pdf,41
"August 27, 2012",K2011-01258,WEST MANCHESTER E 45 Ff OF LOT 60 BLK 3 ,28-140-22-16-00-0-00-000,"ADCIP, LLC, 487 JAMES JACKSON AVENUE, CARY, NC 27513",-94.5047610191,39.0912785957,"6618 E 16TH TER, KANSAS CITY, MO 64126",http://maps.jacksongov.org/PropertyReport/propertyReport.cfm?pid=28-140-22-16-00-0-00-000,data/PDFs/2011/kc report of sale vol. 1-ocr.pdf,42
"August 27, 2012",K2011-01261,COLLINS AND BYERS FIRST ADD S 2' LOT 31 & N 40' LOT 32 ,28-140-24-25-00-0-00-000,"FRANCISCO J. HERNANDEZ SR. AND, MARIA G. HERNANDEZ 1309 BENNINGTON AVENUE, KANSAS CITY, MO 64126",-94.5026845156,39.0910976002,"1622 CAMBRIDGE AVE, KANSAS CITY, MO 64126",http://maps.jacksongov.org/PropertyReport/propertyReport.cfm?pid=28-140-24-25-00-0-00-000,data/PDFs/2011/kc report of sale vol. 1-ocr.pdf,43
"August 27, 2012",K2011-01263,MANCHESTER S 18 FT OF LOT 13 & N 8  2/3 FT OF LOT 14 BLK 6 ,28-140-27-04-00-0-00-000,"JOSE MORALES, 4841 EAST 17TH STREET, KANSAS CITY, MO 64127",-94.4997334079,39.0908300696,"1641 BRISTOL AVE, KANSAS CITY, MO 64126",http://maps.jacksongov.org/PropertyReport/propertyReport.cfm?pid=28-140-27-04-00-0-00-000,data/PDFs/2011/kc report of sale vol. 1-ocr.pdf,44
"August 27, 2012",K2011-01269,WESTMINSTER SUB N 1/2 OF N 35' LOT 12 BLK 5 ,28-210-11-27-00-0-00-000,"JERRY A. KNIGHT, 5631 WINNER, KANSAS CITY, MO 64127",-94.5147233143,39.1003329415,"918 TOPPING AVE, KANSAS CITY, MO 64126",http://maps.jacksongov.org/PropertyReport/propertyReport.cfm?pid=28-210-11-27-00-0-00-000,data/PDFs/2011/kc report of sale vol. 1-ocr.pdf,45
"August 27, 2012",K2011-01290,"MOUNT VERNON LOTS 37, 38 & 39 BLK 2 ",28-220-29-15-00-0-00-000,"DANIEL D. CLINE, 1519 NE SPRINGWOOD DRIVE, LEE'S SUMMIT, MO 64086",-94.5305666477,39.1003145804,"1022 KENSINGTON AVE, KANSAS CITY, MO 64127",http://maps.jacksongov.org/PropertyReport/propertyReport.cfm?pid=28-220-29-15-00-0-00-000,data/PDFs/2011/kc report of sale vol. 1-ocr.pdf,46
"August 27, 2012",K2011-01297,EAST KENSINGTON S 28 FT OF LOT 12 & N 5  FT OF LOT 13 BLK 13 ,28-230-09-20-00-0-00-000,"JOSELUIS MAGANA, 2461 QUINCY, KANSAS CITY, MO 64127",-94.5260175012,39.0929473985,"1540 CHELSEA AVE, KANSAS CITY, MO 64127",http://maps.jacksongov.org/PropertyReport/propertyReport.cfm?pid=28-230-09-20-00-0-00-000,data/PDFs/2011/kc report of sale vol. 1-ocr.pdf,47
"August 27, 2012",K2011-01323,FAIRVIEW PLACE E 35' OF LOT 5 & W 37.5' OF LOT 6 BLK 3 ,28-240-21-34-00-0-00-000,"JOSELUIS MAGANA, 2461 QUINCY, KANSAS CITY, MO 64127",-94.5164839756,39.0919374353,"5616 E 16TH TER, KANSAS CITY, MO 64127",http://maps.jacksongov.org/PropertyReport/propertyReport.cfm?pid=28-240-21-34-00-0-00-000,data/PDFs/2011/kc report of sale vol. 1-ocr.pdf,48
"August 27, 2012",K2011-01326,ROY PLACE LOT 2 ,28-310-05-23-00-0-00-000,"MARIA DUOC BUI, 4121 NORTH HARRISON AVENUE, KANSAS CITY, MO 64116",-94.5407097501,39.1053202103,"3422 E 6TH ST, KANSAS CITY, MO 64124",http://maps.jacksongov.org/PropertyReport/propertyReport.cfm?pid=28-310-05-23-00-0-00-000,data/PDFs/2011/kc report of sale vol. 1-ocr.pdf,49
"August 27, 2012",K2011-01328,HANNA'S ADD N 30' OF S 118' OF LOTS 10 & 11 BLK 1 ,28-310-15-30-00-0-00-000,"MARIA DUOC BUI, 4121 NORTH HARRISON AVENUE, KANSAS CITY, MO 64116",-94.5416786883,39.1035537195,"715 INDIANA AVE, KANSAS CITY, MO 64124",http://maps.jacksongov.org/PropertyReport/propertyReport.cfm?pid=28-310-15-30-00-0-00-000,data/PDFs/2011/kc report of sale vol. 1-ocr.pdf,50
"August 27, 2012",K2011-01329,PATTS 3RD ADD LOT 20 ,28-310-16-03-00-0-00-000,"RIGHTEOUS PROPERTIES LLC, 6324 NORTH CHATHAM AVENUE, # 327, KANSAS CITY, MO 64151",-94.5400660196,39.1030048129,"800 BALES CT, KANSAS CITY, MO 64124",http://maps.jacksongov.org/PropertyReport/propertyReport.cfm?pid=28-310-16-03-00-0-00-000,data/PDFs/2011/kc report of sale vol. 1-ocr.pdf,51
"August 27, 2012",K2011-01342,BAYLES JAMES A PLACE E 18' OF LOT 1 & W 12' OF LOT 2 ,28-320-06-15-00-0-00-000,"IMELDA PEREZ, 723 FREMOND AVENUE, KANSAS CITY, MO 64125",-94.5480639247,39.1050674162,"2803 E 6TH ST, KANSAS CITY, MO 64124",http://maps.jacksongov.org/PropertyReport/propertyReport.cfm?pid=28-320-06-15-00-0-00-000,data/PDFs/2011/kc report of sale vol. 1-ocr.pdf,52
"August 27, 2012",K2011-01347,MC FERREN PLACE W 33' OF LOT 11 & E 2' Of LOT 12 ,28-320-14-11-00-0-00-000,"ADCIP, LLC, 487 JAMES JACKSON AVENUE, CARY, NC 27513",-94.5474996501,39.1031126652,"2815 E 8TH ST, KANSAS CITY, MO 64124",http://maps.jacksongov.org/PropertyReport/propertyReport.cfm?pid=28-320-14-11-00-0-00-000,data/PDFs/2011/kc report of sale vol. 1-ocr.pdf,53
"August 31, 2012",K2011-01358,WINDSOR LOTS 30-31 & E  30' OF LOT 32 ,28-320-27-31-00-0-00-000,"ROBERT D. NELSON, 8001 EAST 55TH STREET, KANSAS CITY, MO 64129",-94.5440031007,39.1001357611,"3207 E 11TH ST, KANSAS CITY, MO 64127",http://maps.jacksongov.org/PropertyReport/propertyReport.cfm?pid=28-320-27-31-00-0-00-000,data/PDFs/2011/kc report of sale vol. 1-ocr.pdf,54
"August 27, 2012",K2011-01362,JAMES GOODIN PLACE N 97' OF S 120' OF LOTS 1 & 2 BLK 9 ,28-330-04-13-00-0-00-000,"NORMA AGUIRRE, 338 VAN BRUNT BLVD., KANSAS Cl1Y, MO 64124",-94.5458590848,39.0984342209,"3105 E 12TH ST, KANSAS CITY, MO 64127",http://maps.jacksongov.org/PropertyReport/propertyReport.cfm?pid=28-330-04-13-00-0-00-000,data/PDFs/2011/kc report of sale vol. 1-ocr.pdf,55
"August 27, 2012",K2011-01363,BERNARD PLACE N 32.5' OF LOT 55 BLK 4 ,28-330-12-06-00-0-00-000,"MARANATHA CHURCH, 1235 COLLEGE, KANSAS CITY, MO 64127",-94.5431187968,39.0967104846,"1313 COLLEGE AVE, KANSAS CITY, MO 64127",http://maps.jacksongov.org/PropertyReport/propertyReport.cfm?pid=28-330-12-06-00-0-00-000,data/PDFs/2011/kc report of sale vol. 1-ocr.pdf,56
"August 27, 2012",K2011-01367,"CARL TON PLACE N 1/2 OF LOT 9 & S 1' 8"" OF LOT 8 ",28-340-07-11-00-0-00-000,"MARTIN PHAM, 5800 NORTH JACKSON DRIVE, KANSAS CITY, MO 64119",-94.5419231924,39.0976314202,"1225 INDIANA AVE, KANSAS CITY, MO 64127",http://maps.jacksongov.org/PropertyReport/propertyReport.cfm?pid=28-340-07-11-00-0-00-000,data/PDFs/2011/kc report of sale vol. 1-ocr.pdf,57
"August 27, 2012",K201, CARL TON PLACE LOT 13 ,28-340-07-22-00-0-00-000,,-94.5414110110,39.0978592802,"1216 BALES AVE, KANSAS CITY, MO 64127",http://maps.jacksongov.org/PropertyReport/propertyReport.cfm?pid=28-340-07-22-00-0-00-000,data/PDFs/2011/kc report of sale vol. 1-ocr.pdf,58
"August 27, 2012",K2011-01373,BALES WILLIAM SECOND S 25' LOT 10 BLK 4 ,28-340-11-28-00-0-00-000,"ALL CHRISTIANS TOGETHER SERVING, 418 NORTH GRAND AVENUE, INDEPENDENCE, MO 64050",-94.5380104774,39.0968816247,"1302 CLEVELAND AVE, KANSAS CITY, MO 64127",http://maps.jacksongov.org/PropertyReport/propertyReport.cfm?pid=28-340-11-28-00-0-00-000,data/PDFs/2011/kc report of sale vol. 1-ocr.pdf,59
"August 27, 2012",K2011-01442,EL DORADO N 30' OF S 40' OF LOT 25 ,28-430-04-22-00-0-00-000,"PETER MORRICE, 3324 TROOST AVENUE, KANSAS CITY, MO 64109",-94.5467515212,39.0836610388,"2320 BELLEFONTAINE AVE, KANSAS CITY, MO 64127",http://maps.jacksongov.org/PropertyReport/propertyReport.cfm?pid=28-430-04-22-00-0-00-000,data/PDFs/2011/kc report of sale vol. 1-ocr.pdf,60
"August 27, 2012",K2011-01448,PROSPECT VIEW E 121' OF LOTS 33 & 34 BLK 4 ,28-430-09-34-00-0-00-000,"YAN WANG, 16116 ROSEWOOD, OVERLAND PARK, KS 66085",-94.5518710833,39.0829753683,"2403 PROSPECT AVE, KANSAS CITY, MO 64127",http://maps.jacksongov.org/PropertyReport/propertyReport.cfm?pid=28-430-09-34-00-0-00-000,data/PDFs/2011/kc report of sale vol. 1-ocr.pdf,61
"August 27, 2012",K2011-01481,GLENCORE N 20' LDT 44 & S  15' LOT 45 ,28-430-37-03-00-0-00-000,"WILLIE VADEN, 2636 BELLEFONTAINE, KANSAS CITY, MO 64127",-94.5462165982,39.0783753142,"2609 BELLEFONTAINE AVE, KANSAS CITY, MO 64127",http://maps.jacksongov.org/PropertyReport/propertyReport.cfm?pid=28-430-37-03-00-0-00-000,data/PDFs/2011/kc report of sale vol. 1-ocr.pdf,62
Could not process page 63
"August 31, 2012",K2011-01493,CENTRAL PARK LOT 4 BLK 5 ,28-430-41-34-00-0-00-000,"MARCHELLE SMITH, 5023 EAST 42ND STREET, KANSAS CITY, MO 64130",-94.5504314926,39.0782995368,"2610 CHESTNUT AVE, KANSAS CITY, MO 64127",http://maps.jacksongov.org/PropertyReport/propertyReport.cfm?pid=28-430-41-34-00-0-00-000,data/PDFs/2011/kc report of sale vol. 1-ocr.pdf,64
"August 27, 2012",K2011-01517,JERSEY HEIGHTS W 123.05' LOT 18 & ALL LOT 19 & W  123.05' LOT 20 BLK 1 ,28-440-21-26-00-0-00-000,"JAROD JAMISON, 5400 JOHNSON DRIVE, 1r 134, MISSION, KS 66205",-94.5412360547,39.0790576103,"2538 ASKEW AVE, KANSAS CITY, MO 64127",http://maps.jacksongov.org/PropertyReport/propertyReport.cfm?pid=28-440-21-26-00-0-00-000,data/PDFs/2011/kc report of sale vol. 1-ocr.pdf,65
"August 27, 2012",K20, HIGHBURY PARK LOT 7 (EX W 35') ,28-440-24-12-00-0-00-000,,-94.5375445633,39.0786474040,"2544 MERSINGTON AVE, KANSAS CITY, MO 64127",http://maps.jacksongov.org/PropertyReport/propertyReport.cfm?pid=28-440-24-12-00-0-00-000,data/PDFs/2011/kc report of sale vol. 1-ocr.pdf,66
"August 27, 2012",K2011-01525,ALTA VISTA LOT 27 ,28-440-27-08-00-0-00-000,"LAJUAN WOODEN, 2741 MERSINGTON, KANSAS CITY, MO 64127",-94.5347925334,39.0793754312,"2519 NORTON AVE, KANSAS CITY, MO 64127",http://maps.jacksongov.org/PropertyReport/propertyReport.cfm?pid=28-440-27-08-00-0-00-000,data/PDFs/2011/kc report of sale vol. 1-ocr.pdf,67
"August 27, 2012",K2011-01540,DRURY WOODS LOTS 13-14-15 ,28-510-07-10-00-0-00-000,"JAROD JAMISON, 5400 JOHNSON DRIVE, # 134, MISSION, KS 66205",-94.5189208775,39.0853120572,"5414 E 22ND ST, KANSAS CITY, MO 64127",http://maps.jacksongov.org/PropertyReport/propertyReport.cfm?pid=28-510-07-10-00-0-00-000,data/PDFs/2011/kc report of sale vol. 1-ocr.pdf,68
"August 31, 2012",K2011-01547,scon HEIGHTS N 1/2 LY W OF VAN BRUNT BLV D OF LOT 25 ,28-510-14-26-00-0-00-000,"KEVIN P. HUESER, 5401 NE RUSSELL ROAD, KANSAS Cll'I', MO 64117",-94.5213694808,39.0846119063,"2214 VAN BRUNT BLVD, KANSAS CITY, MO 64127",http://maps.jacksongov.org/PropertyReport/propertyReport.cfm?pid=28-510-14-26-00-0-00-000,data/PDFs/2011/kc report of sale vol. 1-ocr.pdf,69
"August 27, 2012",K2011-01549,SCOTI HEIGHTS W 1/2 VAC ALLEY E OF & ADJ & ALLLY E OF VAN BRUNT BLV OF LOT 9 ,28-510-15-04-00-0-00-000,"JESSICA J. SHAW, 3831 NORTH LISTER AVENUE, KANSAS CITY, MO 64117",-94.5206202897,39.0847196494,"2205 VAN BRUNT BLVD, KANSAS CITY, MO 64127",http://maps.jacksongov.org/PropertyReport/propertyReport.cfm?pid=28-510-15-04-00-0-00-000,data/PDFs/2011/kc report of sale vol. 1-ocr.pdf,70
"August 27, 2012",K, SCOTI HEIGHTS E 1/2 VAC ALLEY W OF & ADJ & ALL OF LOT 5  ,28-510-15-27-00-0-00-000,,-94.5201794056,39.0848263876,"2204 HARDESTY AVE, KANSAS CITY, MO 64127",http://maps.jacksongov.org/PropertyReport/propertyReport.cfm?pid=28-510-15-27-00-0-00-000,data/PDFs/2011/kc report of sale vol. 1-ocr.pdf,71
"August 27, 2012",K2011-015, ELMHURST W 17 'OF LOTS 69 & 70 & E 8' OF LOTS 107 & 108 ,28-520-03-12-00-0-00-000,,-94.5274341810,39.0901427320,"4708 E 18TH ST, KANSAS CITY, MO 64127",http://maps.jacksongov.org/PropertyReport/propertyReport.cfm?pid=28-520-03-12-00-0-00-000,data/PDFs/2011/kc report of sale vol. 1-ocr.pdf,72
"August 27, 2012",K2011-01565,OAKHURST S 34' OF N 36' OF LOT 10 ,28-520-09-07-00-0-00-000,"BARON HALPAIN AND, DAVID HALPAIN P.O. BOX 520103, INDEPENDENCE, MO 64052",-94.5331352762,39.0893365586,"1823 JACKSON AVE, KANSAS CITY, MO 64127",http://maps.jacksongov.org/PropertyReport/propertyReport.cfm?pid=28-520-09-07-00-0-00-000,data/PDFs/2011/kc report of sale vol. 1-ocr.pdf,73
"August 27, 2012",K2011-01576,WINCHESTER PLACE S 32 1/3 Ff OF N 35 1/3 FT OF LOT 112 ,28-520-29-13-00-0-00-000,"ROBERTO MIJARES, 2034 SPRUCE AVENUE, KANSAS CITY, MO 64127",-94.5322648410,39.0860844261,"2037 SPRUCE AVE, KANSAS CITY, MO 64127",http://maps.jacksongov.org/PropertyReport/propertyReport.cfm?pid=28-520-29-13-00-0-00-000,data/PDFs/2011/kc report of sale vol. 1-ocr.pdf,74
"August 27, 2012",K2011-01586,CORBIN PLACE LOT 5 ,28-520-36-28-00-0-00-000,"ALVARO VALENZUELA, 618 FREMONT AVENUE, KANSAS CITY, MO 64125",-94.5247008848,39.0863654124,"2018 BRIGHTON AVE, KANSAS CITY, MO 64127",http://maps.jacksongov.org/PropertyReport/propertyReport.cfm?pid=28-520-36-28-00-0-00-000,data/PDFs/2011/kc report of sale vol. 1-ocr.pdf,75
"August 30, 2012",K2011-01594,OVERLOOK LOT 26 ,28-530-02-27-00-0-00-000,"KEV[N P. HUESER, 5401 NE RUSSELL ROAD, KANSAS CITY, MO 64117",-94.5258926767,39.0832292191,"2304 POPLAR AVE, KANSAS CITY, MO 64127",http://maps.jacksongov.org/PropertyReport/propertyReport.cfm?pid=28-530-02-27-00-0-00-000,data/PDFs/2011/kc report of sale vol. 1-ocr.pdf,76
"August 27, 2012",K2011-01626,PHOENIX PARK N 16' LOT 143 & S  17' LOT 144 ,28-530-20-12-00-0-00-000,"CHARLES A. PIPER, 2547 CYPRESS, KANSAS CITY, MO 64127",-94.5305482202,39.0787107897,"2537 CYPRESS AVE, KANSAS CITY, MO 64127",http://maps.jacksongov.org/PropertyReport/propertyReport.cfm?pid=28-530-20-12-00-0-00-000,data/PDFs/2011/kc report of sale vol. 1-ocr.pdf,77
"August 27, 2012",K2011-01629,PHOENIX PARK LOT 158 ,28-530-21-29-00-0-00-000,"BRADY WATSON, 2526 ELMWOOD, KANSAS CITY, MO 64127",-94.5311186236,39.0794838604,"2512 CYPRESS AVE, KANSAS CITY, MO 64127",http://maps.jacksongov.org/PropertyReport/propertyReport.cfm?pid=28-530-21-29-00-0-00-000,data/PDFs/2011/kc report of sale vol. 1-ocr.pdf,78
"August 27, 2012",K2011-01644,CHOTEAU PARK LOT 13 ,28-540-03-17-00-0-00-000,"JAROD JAMISON, 5400 JOHNSON DRIVE, # 134, MISSION, KS 66205",-94.5185064196,39.0815988737,"2345 DRURY AVE, KANSAS CITY, MO 64127",http://maps.jacksongov.org/PropertyReport/propertyReport.cfm?pid=28-540-03-17-00-0-00-000,data/PDFs/2011/kc report of sale vol. 1-ocr.pdf,79
"August 31, 2012",K2011-01646, HARDEOAK PLACE LOT 3 ,28-540-04-04-00-0-00-000,,-94.5195819663,39.0829530105,"2305 HARDESTY AVE, KANSAS CITY, MO 64127",http://maps.jacksongov.org/PropertyReport/propertyReport.cfm?pid=28-540-04-04-00-0-00-000,data/PDFs/2011/kc report of sale vol. 1-ocr.pdf,80
"August 27, 2012",K2011-01650,BRIGHTON HEIGHTS LOT 15 ,28-540-09-10-00-0-00-000,"ELLIS T. GILLESPIE AND, CYNTHIA D. GILLESPIE 2444 BRIGHTON AVENUE, KANSAS CITY, MO 64127",-94.5243501830,39.0802517014,"2447 BRIGHTON AVE, KANSAS CITY, MO 64127",http://maps.jacksongov.org/PropertyReport/propertyReport.cfm?pid=28-540-09-10-00-0-00-000,data/PDFs/2011/kc report of sale vol. 1-ocr.pdf,81
"August 31, 2012",K2011-01654,HIGHVIEW S 50' OF LOT 13 (EX W 126' & EX PT IN ROW) ,28-540-11-51-00-0-00-000,"JAROD JAMISON, 5400 JOHNSON DRIVE, It 134, MISSION, KS 66205",-94.5216598893,39.0797378839,"2452 VAN BRUNT BLVD, KANSAS CITY, MO 64127",http://maps.jacksongov.org/PropertyReport/propertyReport.cfm?pid=28-540-11-51-00-0-00-000,data/PDFs/2011/kc report of sale vol. 1-ocr.pdf,82
"August 27, 2012",K2011-01672,BLUE RIVER HEIGHTS LOT 15 BLK 2 ,28-610-09-15-00-0-00-000,"LARRY D. SOUSLEY, 1840 NEWTON, KANSAS CITY, MO 64126",-94.5050917524,39.0871763398,"1830 NEWTON AVE, KANSAS CITY, MO 64126",http://maps.jacksongov.org/PropertyReport/propertyReport.cfm?pid=28-610-09-15-00-0-00-000,data/PDFs/2011/kc report of sale vol. 1-ocr.pdf,83
"August 30, 2012",K2011-01679,EAST CENTER LOTS 35 & 36 BLK 6 ,28-720-08-12-00-0-00-000,"OSCAR MARTINEZ, 126 LAWNDALE AVENUE, KANSAS CITY,  MO 64123",-94.5151420241,39.0692390073,"3024 BELLAIRE AVE, KANSAS CITY, MO 64129",http://maps.jacksongov.org/PropertyReport/propertyReport.cfm?pid=28-720-08-12-00-0-00-000,data/PDFs/2011/kc report of sale vol. 1-ocr.pdf,84
"August 27, 2012",K2011-01681,EAST CENTER S 20' OF LOT 23 & N  20' OF LOT 24 BLK 14 ,28-730-06-07-00-0-00-000,"AARON JOEL GROSS, 5631 EAST U.S. HIGHWAY 40, LOT # 51 KANSAS CITY, MO 64128",-94.5157213475,39.0673333016,"3135 TOPPING AVE, KANSAS CITY, MO 64129",http://maps.jacksongov.org/PropertyReport/propertyReport.cfm?pid=28-730-06-07-00-0-00-000,data/PDFs/2011/kc report of sale vol. 1-ocr.pdf,85
"August 27, 2012",K201, GREENDALE LOT 41 ,28-810-01-14-00-0-00-000,,-94.5177055148,39.0754733565,"5602 E 27TH TER, KANSAS CITY, MO 64128",http://maps.jacksongov.org/PropertyReport/propertyReport.cfm?pid=28-810-01-14-00-0-00-000,data/PDFs/2011/kc report of sale vol. 1-ocr.pdf,86
"August 31, 2012",K2011-01695,GREENDALE LOTS 142 & 143 ,28-810-12-26-00-0-00-000,"JAROD JAMISON, 5400 JOHNSON DRIVE, # 134, MISSION, KS 66205",-94.5165563552,39.0742923157,"5629 E 28TH ST, KANSAS CITY, MO 64128",http://maps.jacksongov.org/PropertyReport/propertyReport.cfm?pid=28-810-12-26-00-0-00-000,data/PDFs/2011/kc report of sale vol. 1-ocr.pdf,87
"August 31, 2G12",K2011-01770,OAKWOOD LOT 296 ,28-830-14-06-00-0-00-000,"JAROD JAMISON, 5400 JOHNSON DRIVE, # 134, MISSION, KS 66205",-94.5296915813,39.0662502064,"3227 ELMWOOD AVE, KANSAS CITY, MO 64128",http://maps.jacksongov.org/PropertyReport/propertyReport.cfm?pid=28-830-14-06-00-0-00-000,data/PDFs/2011/kc report of sale vol. 1-ocr.pdf,88
"August 27, 2012",K2011-01774,KNOCHE PARK ANNEX LOT 125 ,28-830-21-21-00-0-00-000,"BENJAMIN FARMER, 8603 EAST 114TH STREET, KANSAS CITY, MO 64134",-94.5326922602,39.0650457578,"3314 KENSINGTON AVE, KANSAS CITY, MO 64128",http://maps.jacksongov.org/PropertyReport/propertyReport.cfm?pid=28-830-21-21-00-0-00-000,data/PDFs/2011/kc report of sale vol. 1-ocr.pdf,89
"August 27, 2012",K2011-01777,KNOCHE PARK ANNEX LOT 188 ,28-830-22-21-00-0-00-000,"JAROD JAMISON, 5400 JOHNSON DRIVE, # 134, MISSION, KS 66205",-94.5338554533,39.0647512814,"3322 SPRUCE AVE, KANSAS CITY, MO 64128",http://maps.jacksongov.org/PropertyReport/propertyReport.cfm?pid=28-830-22-21-00-0-00-000,data/PDFs/2011/kc report of sale vol. 1-ocr.pdf,90
"August 27, 2012",K2011-01792,CLEVELAND PARK E 1/2 VAC ALLEY W OF & ADJ & S  30 FT OF N 40 FT LOT 15BLK 1 ,28-910-06-25-00-0-00-000,"JAROD JAMISON, 5400 JOHNSON DRIVE, # 134, MISSION, KS 66205",-94.5402623098,39.0753060819,"2736 MONROE AVE, KANSAS CITY, MO 64128",http://maps.jacksongov.org/PropertyReport/propertyReport.cfm?pid=28-910-06-25-00-0-00-000,data/PDFs/2011/kc report of sale vol. 1-ocr.pdf,91
"August 27, 2012",K2011-01802,INGLESIDE PLACE LOTS 213 & 214 ,28-910-16-12-00-0-00-000,"DOROTHY L. DAVIS, 3505 EAST 25TH STREET, KANSAS CITY, MO 64127",-94.5380095392,39.0731151424,"2844 MERSINGTON AVE, KANSAS CITY, MO 64128",http://maps.jacksongov.org/PropertyReport/propertyReport.cfm?pid=28-910-16-12-00-0-00-000,data/PDFs/2011/kc report of sale vol. 1-ocr.pdf,92
"August 30, 2012",K2011-01817,WM PARISH JR ESTATE SUB PT LOT 3 OAF: BEG 166.5' N OF NE COR 31ST ST & INDIANA AVE TH N 46.5' THE 127' TH S 46.5' TH W 127' TO BEG ,28-910-33-09-00-0-00-000,"MARCHELLE SMITH, 5023 EAST 42ND STREET, KANSAS CITY, MO 64130",-94.5432939718,39.0701658231,"3029 INDIANA AVE, KANSAS CITY, MO 64128",http://maps.jacksongov.org/PropertyReport/propertyReport.cfm?pid=28-910-33-09-00-0-00-000,data/PDFs/2011/kc report of sale vol. 1-ocr.pdf,93
"August 27, 2012",K2011-01819,SANTA FE PLACES 43.94' OF N 83.94' 0 F W  95' OF LOT 1 BLK 10 ,28-920-02-21-00-0-00-000,"GEORGE GATES, 706 B NE 3RD STREET, BLUE SPRINGS, MO 64014",-94.5486807748,39.0767190245,"2705 BENTON BLVD, KANSAS CITY, MO 64128",http://maps.jacksongov.org/PropertyReport/propertyReport.cfm?pid=28-920-02-21-00-0-00-000,data/PDFs/2011/kc report of sale vol. 1-ocr.pdf,94
"August 27, 2012",K2011-01820,SANTA FE PLACE S 20' OF N 120' OF E 60' OF LOT 1 BLK 10 ,28-920-0Z-24-00-0-00-000,"GEORGE GATES, 706 B NE 3RD STREET, BLUE SPRINGS, MO 64014",,,,http://maps.jacksongov.org/PropertyReport/propertyReport.cfm?pid=28-920-0Z-24-00-0-00-000,data/PDFs/2011/kc report of sale vol. 1-ocr.pdf,95
"August 30, 2012",K2011-01831,SANTA FE PLACE S 3' OF LOT 14 & N  34.89' OF LOT 15 BLK 14 ,28-920-12-26-00-0-00-000,"TANISHA SHEPHEARD, 8019 ARLJNGTON AVENUE, RAYTOWN, MO 64138",-94.5438592474,39.0728893085,"2838 INDIANA AVE, KANSAS CITY, MO 64128",http://maps.jacksongov.org/PropertyReport/propertyReport.cfm?pid=28-920-12-26-00-0-00-000,data/PDFs/2011/kc report of sale vol. 1-ocr.pdf,96
"August 30, 2012",K, SANTA FE ANNEX LOT 15 ,28-920-23-17-00-0-00-000,,-94.5444392125,39.0699454849,"3043 COLLEGE AVE, KANSAS CITY, MO 64128",http://maps.jacksongov.org/PropertyReport/propertyReport.cfm?pid=28-920-23-17-00-0-00-000,data/PDFs/2011/kc report of sale vol. 1-ocr.pdf,97
"August 27, 2012",K20," MCGEORGE PLACE N 41' OF LOTS 1 & 2 & N 41' OF W 35' OF LOT 3, BLK 2 & E 97.62' OF LOT 13, BLK 2 HOLLYWOOD, & W  1/2 OF VAC ALLEY E &  ADJ SD LOT 13. BLK 2. ",28-930-03-23-00-0-00-000,,-94.5490814398,39.0683030349,"3137 BENTON BLVD, KANSAS CITY, MO 64128",http://maps.jacksongov.org/PropertyReport/propertyReport.cfm?pid=28-930-03-23-00-0-00-000,data/PDFs/2011/kc report of sale vol. 1-ocr.pdf,98
"August 30, 2012",K2011-01849,BROUGHAM PARK W 30' OF E 40' OF LOT 6 ,28-930-08-09-00-0-00-000,"FREDRICO RELIFORD, 3233 EAST 32ND STREET, KANSAS CITY, MO 64128",-94.5447739861,39.0684886731,"3223 E 32ND ST, KANSAS CITY, MO 64128",http://maps.jacksongov.org/PropertyReport/propertyReport.cfm?pid=28-930-08-09-00-0-00-000,data/PDFs/2011/kc report of sale vol. 1-ocr.pdf,99
"August 27, 2012",K2011-01862,EAST LINWOOD SUB LOT 9 BLK 10 ,28-930-22-10-00-0-00-000,"THE HOPE CENTER, INC, 2800 EAST LINWOOD BOULEVARD, KANSAS CJTY, MO 64128",-94.5470881094,39.0650845473,"3327 BELLEFONTAINE AVE, KANSAS CITY, MO 64128",http://maps.jacksongov.org/PropertyReport/propertyReport.cfm?pid=28-930-22-10-00-0-00-000,data/PDFs/2011/kc report of sale vol. 1-ocr.pdf,100
"August 31, 2012",K2011-01887,WASHBURN HEIGHTS RES LOT 41 ,28-940-10-03-00-0-00-000,"ARNONE LAW FIRM, LLC, 4021 PENNSYLVANIA AVENUE, KANSAS CITY, MO 64111",-94.5361978579,39.0672234466,"4019 E LINWOOD BLVD, KANSAS CITY, MO 64128",http://maps.jacksongov.org/PropertyReport/propertyReport.cfm?pid=28-940-10-03-00-0-00-000,data/PDFs/2011/kc report of sale vol. 1-ocr.pdf,101
"August 27, 2012",K2011-01898, PARISH WM SUB BEGONE LI OF MONROE AVE 240' N OF N LI OF 35TH ST THE 131' TH N 35' TH W 131' TH S 35' TO POB ,28-940-23-10-00-0-00-000,,-94.5401916371,39.0630359645,"3427 MONROE AVE, KANSAS CITY, MO 64128",http://maps.jacksongov.org/PropertyReport/propertyReport.cfm?pid=28-940-23-10-00-0-00-000,data/PDFs/2011/kc report of sale vol. 1-ocr.pdf,102
"August 27, 2012",K2011-01900,PARISH WILLIAM SUB (HOMESSTEAD RESERVED LOT) BEG W LI CLEVELAND AVE 377' N OF N LI 35TH ST TH N 34' TH W 131' TH S 34' TH SE 131' TO POB ,28-940-23-29-00-0-00-000,"JAROD JAMISON, 5400 JOHNSON DRIVE, if 134, MISSION, KS 66205",-94.5397149409,39.0634008598,"3416 CLEVELAND AVE, KANSAS CITY, MO 64128",http://maps.jacksongov.org/PropertyReport/propertyReport.cfm?pid=28-940-23-29-00-0-00-000,data/PDFs/2011/kc report of sale vol. 1-ocr.pdf,103
"August 27, 2012",K2011-01905,RNG-33 TWP-49 SEC-04 TH NE 1/4 DF TH NE 1/4 DAF: BEG DN ELI DF BROOKLYN AVE 251.2' S OF TH S LI OF INDEP PLAZA THE 150.14' TO A PT IN A LI 137.5' W OF W ROW LI OF PARK AVE TH S 80.5' TH W 150.4' TO THE LI OF BROOKLYN AVE TH N 80.5' TO POB ,29-110-03-36-01-0-00-000,"KEVIN J. FOX, 2904 WEST 112TH STREET, LEAWOOD, KS 66211",-94.5554143310,39.1052481502,"601 BROOKLYN AVE, KANSAS CITY, MO 64124",http://maps.jacksongov.org/PropertyReport/propertyReport.cfm?pid=29-110-03-36-01-0-00-000,data/PDFs/2011/kc report of sale vol. 1-ocr.pdf,104
"August 27, 2012",K2011-01910,CHICK'S J S PLACE S 15' OF LOT 8 BLK B & N 20' OF LOT 9 BLK B ,29-110-19-09-00-0-00-000,"KATIE K. THOMAS, 2451 NORTON, KANSAS CITY, MO 64127",-94.5550888713,39.1015982399,"926 PARK AVE, KANSAS CITY, MO 64127",http://maps.jacksongov.org/PropertyReport/propertyReport.cfm?pid=29-110-19-09-00-0-00-000,data/PDFs/2011/kc report of sale vol. 1-ocr.pdf,105
"August 27, 2012",K2011-01911,CLOUSER AND COLES ADD LOT 17 ,29-110-21-13-00-0-00-000,"TU ANH BUI, 4121 NORTH HARRISON AVENUE, KANSAS CITY, MO 64116",-94.5526994520,39.1018889456,"2416 E 10TH ST, KANSAS CITY, MO 64127",http://maps.jacksongov.org/PropertyReport/propertyReport.cfm?pid=29-110-21-13-00-0-00-000,data/PDFs/2011/kc report of sale vol. 1-ocr.pdf,106
"August 28, 2012",K2011-01916, PIONEER PLACE S 25 FT OF LOT 46 ,29-110-30-04-00-0-00-000,,-94.5568243331,39.0999832888,"1107 GARFIELD AVE, KANSAS CITY, MO 64127",http://maps.jacksongov.org/PropertyReport/propertyReport.cfm?pid=29-110-30-04-00-0-00-000,data/PDFs/2011/kc report of sale vol. 1-ocr.pdf,107
"August 28, 2012",K2011-01926,BROWN'S P S  ADD RES OF BLK 2 LOT 11 BLK B ,29-120-40-13-00-0-00-000,"GEORGE HOLMES, SR., 2635 OLIVE STREET, KANSAS err(, MO 64127",-94.5654739247,39.1002056911,"1104 LYDIA AVE, KANSAS CITY, MO 64106",http://maps.jacksongov.org/PropertyReport/propertyReport.cfm?pid=29-120-40-13-00-0-00-000,data/PDFs/2011/kc report of sale vol. 1-ocr.pdf,108
"August 31, 2G12",K2011-01933,MERRILL ADD S 12' LOT 8 & ALL LOTS 9 - 14 & S 12' LOT 15 ,29-140-25-18-00-0-00-000,"ARNONE LAW FIRM, LLC, 4021 PENNSYLVANIA AVENUE, KANSAS CITY, MO 64111",-94.5569770353,39.0918997943,"1718 BROOKLYN AVE, KANSAS CITY, MO 64127",http://maps.jacksongov.org/PropertyReport/propertyReport.cfm?pid=29-140-25-18-00-0-00-000,data/PDFs/2011/kc report of sale vol. 1-ocr.pdf,109
