Date Sold,Parcel Number,Legal Description,APN,Owner Name Address,longitude,latitude,Situs Address,URL,Source,Page No.
"August 27, 2014",K2013-02338,"TROOST HIGHLANDS SUB RES BLKS 4, 6 & 8 E 1/2 OF W 74.35' OF LOT 108 ",30-240-2 7-20-00-0-00-000,"BONNIE PHILPOTT, 3615 SOUTH OUTERBELT ROAD, OAK GROVE, MO 64075",,,,http://maps.jacksongov.org/PropertyReport/propertyReport.cfm?pid=30-240-2 7-20-00-0-00-000,data/PDFs/2013/KC 3 of 5 - ocr.pdf,1
"August 27, 2014",K2013-02340,TROOST HIGHLANDS RES---N 33 1/3' OF LOT 16 & ALL LOT 17 BLK 7 ,30-240-30-20-00-0-00-000,"DEVLIN W DENBOW, 1708 WORCESTER LANE, COLUMBIA, MO 65203",-94.5733639030,39.0496653542,"4233 HARRISON ST, KANSAS CITY, MO 64110",http://maps.jacksongov.org/PropertyReport/propertyReport.cfm?pid=30-240-30-20-00-0-00-000,data/PDFs/2013/KC 3 of 5 - ocr.pdf,2
"August 27, 2014",K2013-02367,VANDERBILT PLACE NO 2---ALL LOT 9 (EX PT LOT 9 DAF: BEG NW COR LOT 9 TH S 86 DEG 23 MIN 03 SEC E 124' TO TRU POB TH CONT S 86 DEG 23 MIN 03 SEC E 8' TH S 04 DEG 08 MIN 55 SEC W 14' TH N 25 DEG 43 MIN 37 SEC W 16.06' TO TRU POB) & N 16.66' LOT 10 BLK 5 ,30-610-09-37-00-0-00-000,"REINA G ALVARADO, 4506 MICHIGAN AVENUE, KANSAS CITY, MO 64130",,,,http://maps.jacksongov.org/PropertyReport/propertyReport.cfm?pid=30-610-09-37-00-0-00-000,data/PDFs/2013/KC 3 of 5 - ocr.pdf,3
"August 27, 2014",K2013-02392,WIGHTMAN & HENDERSON'S TROD ST AVE ADD S 33 1/3 FT OF LOT 15 BLK 2 ,30-620-07-15-00-0-00-000,"EXTRA INVESTMENTS LLC, 12761 WEST 110TH TERRACE, OVERLAND PARK, KS 66210",-94.5704288405,39.0477095427,"4330 TRACY AVE, KANSAS CITY, MO 64110",http://maps.jacksongov.org/PropertyReport/propertyReport.cfm?pid=30-620-07-15-00-0-00-000,data/PDFs/2013/KC 3 of 5 - ocr.pdf,4
"August 27, 2014",K2013-02397,LLEWELLYN HEIGHTS RES LOT 120 ,30-620-14-29-00-0-00-000,"BARBARA CRAWFORD, 2733 PARK AVENUE, KANSAS CITY, MO 64109",-94.5660502622,39.0464728635,"4406 WAYNE AVE, KANSAS CITY, MO 64110",http://maps.jacksongov.org/PropertyReport/propertyReport.cfm?pid=30-620-14-29-00-0-00-000,data/PDFs/2013/KC 3 of 5 - ocr.pdf,5
"August 27, 2014",K2013-02399,LLEWELLYN HEIGHTS RES LOT 188 ,30-620-15-22-00-0-00-000,"ANTHONY GATLIN, 706 A NE BANNER DRIVE, LEES SUMMIT, MO 64086",-94.5649389126,39.0454737065,"4436 HIGHLAND AVE, KANSAS CITY, MO 64110",http://maps.jacksongov.org/PropertyReport/propertyReport.cfm?pid=30-620-15-22-00-0-00-000,data/PDFs/2013/KC 3 of 5 - ocr.pdf,6
"August 27, 2014",K2013-02413,ELM RIDGE PARK LOT 155 ,30-630-24-07-00-0-00-000,"ARSENI FILIPPOV, 209 EAST 46TH STREET APT 7, KANSAS CITY, MO 64112",-94.5650039911,39.0357255501,"1543 E 50TH ST, KANSAS CITY, MO 64110",http://maps.jacksongov.org/PropertyReport/propertyReport.cfm?pid=30-630-24-07-00-0-00-000,data/PDFs/2013/KC 3 of 5 - ocr.pdf,7
"August 27, 2014",K2013-02414,"ELM RIDGE PARK E 6.97' OF LOT 90, ALL LOT 159 & W 10' OF LOT 158 ",30-630-24-10-00-0-00-000,"JAROD JAMISON, 2101 LINWOOD BLVD # OFFICE, KANSAS CITY, MO 64109",-94.5654711339,39.0357435253,"1533 E 50TH ST, KANSAS CITY, MO 64110",http://maps.jacksongov.org/PropertyReport/propertyReport.cfm?pid=30-630-24-10-00-0-00-000,data/PDFs/2013/KC 3 of 5 - ocr.pdf,8
"August 27, 2014",K2013-02417,OLDHAM'S FIRST ADD RES OF L OTS LOT 2 ,30-640-23-27-00-0-00-000,"THOMAS J COEY, 5714 EUCLID AVENUE, KANSAS CITY, MO 64130",-94.5595444569,39.0373445795,"4902 BROOKLYN AVE, KANSAS CITY, MO 64130",http://maps.jacksongov.org/PropertyReport/propertyReport.cfm?pid=30-640-23-27-00-0-00-000,data/PDFs/2013/KC 3 of 5 - ocr.pdf,9
"August 27, 2014",K2013-02453,FALLVIEW S 39 FT DF LOT 5 ,30-710-21-14-00-0-00-000,"DNJ RENEWAL LLC, 21804 WEST 96TH STREET, LENEXA, KS 66220",-94.5605162728,39.0289728649,"5339 GARFIELD AVE, KANSAS CITY, MO 64130",http://maps.jacksongov.org/PropertyReport/propertyReport.cfm?pid=30-710-21-14-00-0-00-000,data/PDFs/2013/KC 3 of 5 - ocr.pdf,10
"August 27, 2014",K2013-02458,RATHBONE PLACE RES E 133.02 FT OF LOT 4 ,30-710-26-13-00-0-00-000,"JAROD JAMISON, 2101 LINWOOD BLVD # OFFICE, KANSAS CITY, MO 64109",-94.5629491577,39.0273942762,"5433 MICHIGAN AVE, KANSAS CITY, MO 64130",http://maps.jacksongov.org/PropertyReport/propertyReport.cfm?pid=30-710-26-13-00-0-00-000,data/PDFs/2013/KC 3 of 5 - ocr.pdf,11
Could not process page 12
"August 27, 2014",K2013-02483,ASBURY HEIGHTS N 22 FT OF LOT 83 S 15 FT L OT 84 ,30-730-15-08-00-0-00-000,"DOUGLAS SHAFER, 4134 FOREST AVENUE, KANSAS CITY, MO 64110",-94.5666379784,39.0243526959,"5621 WAYNE AVE, KANSAS CITY, MO 64110",http://maps.jacksongov.org/PropertyReport/propertyReport.cfm?pid=30-730-15-08-00-0-00-000,data/PDFs/2013/KC 3 of 5 - ocr.pdf,13
"August 27, 2014",K2013-02484,ASBURY HEIGHTS N 22 FT LOT 55 S 12 FT LOT 56 ,30-730-16-18-00-0-00-000,"EYON COLLEY, 8725 E BANNISTER TERRACE, KANSAS CITY, MO 64134",-94.5655270498,39.0234750270,"5641 HIGHLAND AVE, KANSAS CITY, MO 64110",http://maps.jacksongov.org/PropertyReport/propertyReport.cfm?pid=30-730-16-18-00-0-00-000,data/PDFs/2013/KC 3 of 5 - ocr.pdf,14
Could not process page 15
"August 27, 2014",K2013-02493,RIDGELAND S 16' OF LOT 1 & N 17' OF LOT 2 BLK D ,30-740-05-03-00-0-00-000,"JACQUELINE VILKIN, 4100 WEST 190TH STREET, STILWELL, KS 66085",-94.5606603788,39.0265326598,"5505 GARFIELD AVE, KANSAS CITY, MO 64130",http://maps.jacksongov.org/PropertyReport/propertyReport.cfm?pid=30-740-05-03-00-0-00-000,data/PDFs/2013/KC 3 of 5 - ocr.pdf,16
"August 27, 2014",K2013-02498,RIDGELAND LT 7 BLK H ,30-740-09-10-00-0-00-000,"JACQUELINE VILKIN, 4100 WEST 190TH STREET, STILWELL, KS 66085",-94.5643146899,39.0240744857,"5625 WOODLAND AVE, KANSAS CITY, MO 64110",http://maps.jacksongov.org/PropertyReport/propertyReport.cfm?pid=30-740-09-10-00-0-00-000,data/PDFs/2013/KC 3 of 5 - ocr.pdf,17
"August 27, 2014",K2013-02500, RIDGELAND S 16 2/3 FT OF LOT 3 & N  16 2/3 FT OF LOT 4 BLK E ,30-740-12-06-00-0-00-000,,-94.5607920476,39.0244400909,"5609 GARFIELD AVE, KANSAS CITY, MO 64130",http://maps.jacksongov.org/PropertyReport/propertyReport.cfm?pid=30-740-12-06-00-0-00-000,data/PDFs/2013/KC 3 of 5 - ocr.pdf,18
"August 27, 2014",K2013-02506,SCHELLS BROOKLYN HEIGHTS ANNEX N 1.17' OF LOT 52 & ALL OF LOT 53 ,30-740-14-20-00-0-00-000,"ANTHONY CLEMONS, 2024 E GREGORY BOULEVARD, KANSAS CITY, MO 64132",-94.5580624095,39.0232514525,"5642 OLIVE ST, KANSAS CITY, MO 64130",http://maps.jacksongov.org/PropertyReport/propertyReport.cfm?pid=30-740-14-20-00-0-00-000,data/PDFs/2013/KC 3 of 5 - ocr.pdf,19
"August 27, 2014",K2013-02508, SOUTH PROSPECT PLACE NO 2 LOT 24 ,30-740-17-12-00-0-00-000,,-94.5563343129,39.0218722553,"5733 WABASH AVE, KANSAS CITY, MO 64130",http://maps.jacksongov.org/PropertyReport/propertyReport.cfm?pid=30-740-17-12-00-0-00-000,data/PDFs/2013/KC 3 of 5 - ocr.pdf,20
August 271 2014,K2013-02516,MINERVA PLACE N 20 FT OF W 135.45 FT LOT 7 BLK4 S 20 FT OF W 135.45 FT LOT 8 ,30-740-21-24-00-0-00-000,"THOMAS J COEY, 5714 EUCLID AVENUE, KANSAS CITY, MO 64130",-94.5604233805,39.0227734365,"5708 BROOKLYN AVE, KANSAS CITY, MO 64130",http://maps.jacksongov.org/PropertyReport/propertyReport.cfm?pid=30-740-21-24-00-0-00-000,data/PDFs/2013/KC 3 of 5 - ocr.pdf,21
"August 27, 2014",K2013-02519,MINERVA PLACE S 37.5' OF N 42' OF LOT 7 BLK 6 ,30-740-27-21-00-0-00-000,"TENESIA SANDERS, PO BOX 1131, INDEPENDENCE, MO 64051",-94.5617365402,39.0200894598,"5822 GARFIELD AVE, KANSAS CITY, MO 64130",http://maps.jacksongov.org/PropertyReport/propertyReport.cfm?pid=30-740-27-21-00-0-00-000,data/PDFs/2013/KC 3 of 5 - ocr.pdf,22
"August 29, 2014",K2013-02536,LEEDS LOT 19 BLK 1 ,31-120-23-09-00-0-00-000,"ELIZABETH M STITH, 8402 STARK AVENUE, RAYTOWN, MO 64138",-94.5081962381,39.0565479177,"3727 FULLER AVE, KANSAS CITY, MO 64129",http://maps.jacksongov.org/PropertyReport/propertyReport.cfm?pid=31-120-23-09-00-0-00-000,data/PDFs/2013/KC 3 of 5 - ocr.pdf,23
"August 27, 2014",K2013-02569,VINEYARD WOODS LOT 25 BLK 2 ,31-230-13-23-00-0-00-000,"JUAN C LOPEZ, 2417 S VERMONT AVENUE, INDEPENDENCE, MO 64052",-94.5292000555,39.0499335212,"4700 E 40TH TER, KANSAS CITY, MO 64130",http://maps.jacksongov.org/PropertyReport/propertyReport.cfm?pid=31-230-13-23-00-0-00-000,data/PDFs/2013/KC 3 of 5 - ocr.pdf,24
"August 27, 2014",K2013-02589,VINEYARD WOODS LOT 2 BLK 7 ,31-240-17-09-00-0-00-000,"JOHN T ROBINSON, 3409 EAST 34 STREET, KANSAS CITY, MO 64128",-94.5242259919,39.0509813473,"5109 E 41ST ST, KANSAS CITY, MO 64130",http://maps.jacksongov.org/PropertyReport/propertyReport.cfm?pid=31-240-17-09-00-0-00-000,data/PDFs/2013/KC 3 of 5 - ocr.pdf,25
Could not process page 26
"August 27, 2014",K2013-02596,NAPIER N 21 FT OF LOT 29 & S 13 FT OF LOT 30 ,31-310-07-22-00-0-00-000,"BOAKAI KAMARA, 409 NORTH CHELSEA, KANSAS CITY, MO 64123",-94.5420975350,39.0611202113,"3530 ASKEW AVE, KANSAS CITY, MO 64128",http://maps.jacksongov.org/PropertyReport/propertyReport.cfm?pid=31-310-07-22-00-0-00-000,data/PDFs/2013/KC 3 of 5 - ocr.pdf,27
"August 27, 2014",K2013-02603,NAPIER LOT 60 ,31-310-10-09-00-0-00-000,"EDUVINA AREVALO AND, INMER CARDENAS 2811 ELMWOOD AVENUE, KANSAS CITY, MO 64128",-94.5426515330,39.0598293014,"3617 BALES AVE, KANSAS CITY, MO 64128",http://maps.jacksongov.org/PropertyReport/propertyReport.cfm?pid=31-310-10-09-00-0-00-000,data/PDFs/2013/KC 3 of 5 - ocr.pdf,28
"August 27, 2014",K2013-02612,WITIVENWOOD LOT 7 ,31-310-14-13-00-0-00-000,"MARCUS WILLIAMS, 9100 EAST 51 TERRACE, KANSAS CITY, MO 64133",-94.5380795317,39.0590236130,"3637 MERSINGTON AVE, KANSAS CITY, MO 64128",http://maps.jacksongov.org/PropertyReport/propertyReport.cfm?pid=31-310-14-13-00-0-00-000,data/PDFs/2013/KC 3 of 5 - ocr.pdf,29
"August 30, 2014",K2013-02620,MARYLAND LOT 35 BLK 14 ,31-3!0-24-03-00-0-00-000,"CORAZON OCHANDA, 6608 PARK STREET, SHAWNEE, KS 66216",,,,http://maps.jacksongov.org/PropertyReport/propertyReport.cfm?pid=31-3!0-24-03-00-0-00-000,data/PDFs/2013/KC 3 of 5 - ocr.pdf,30
"August 27, 2014",K2013-02648,ONTARIO LOT 10 BLK 3 ,31-320-11-28-00-0-00-000,"ANDREW GANT, PO BOX 270135, KANSAS CITY, MO 64127",-94.5456087006,39.0596139034,"3626 COLLEGE AVE, KANSAS CITY, MO 64128",http://maps.jacksongov.org/PropertyReport/propertyReport.cfm?pid=31-320-11-28-00-0-00-000,data/PDFs/2013/KC 3 of 5 - ocr.pdf,31
Could not process page 32
"August 27, 2014",K2013-02659,MARYLAND N 25 FT OF LOT 33 & S 5  FT OF LOT 34 BLK 3 ,31-320-23-04-00-0-00-000,"TENESIA SANDERS, PO BOX 1131, INDEPENDENCE, MO 64051",-94.5474487022,39.0586338460,"3705 BELLEFONTAINE AVE, KANSAS CITY, MO 64128",http://maps.jacksongov.org/PropertyReport/propertyReport.cfm?pid=31-320-23-04-00-0-00-000,data/PDFs/2013/KC 3 of 5 - ocr.pdf,33
"August 27, 2014",K2013-02662,MARYLAND LOT 12 BLK 3 ,31-320-23-26-00-0-00-000,"TENESIA SANDERS, PO BOX 1131, INDEPENDENCE, MO 64051",-94.5470009291,39.0576442814,"3732 BENTON BLVD, KANSAS CITY, MO 64128",http://maps.jacksongov.org/PropertyReport/propertyReport.cfm?pid=31-320-23-26-00-0-00-000,data/PDFs/2013/KC 3 of 5 - ocr.pdf,34
"August 27, 2014",K2013-02663,MARYLAND LOT 8 BLK 3 ,31-320-23-30-00-0-00-000,"TENESIA SANDERS, PO BOX 1131, INDEPENDENCE, MO 64051",-94.5469805755,39.0580261350,"3720 BENTON BLVD, KANSAS CITY, MO 64128",http://maps.jacksongov.org/PropertyReport/propertyReport.cfm?pid=31-320-23-30-00-0-00-000,data/PDFs/2013/KC 3 of 5 - ocr.pdf,35
"August 27, 2014",K2013-02664,MARYLAND LOT 31 BLK 2 ,31-320-24-06-00-0-00-000,"TENESIA SANDERS, PO BOX 1131, INDEPENDENCE, MO 64051",-94.5461463728,39.0583809630,"3709 BENTON BLVD, KANSAS CITY, MO 64128",http://maps.jacksongov.org/PropertyReport/propertyReport.cfm?pid=31-320-24-06-00-0-00-000,data/PDFs/2013/KC 3 of 5 - ocr.pdf,36
"August 27, 2014",K2013-02675,HASSON PARK N 20' OF LOT 34 & S 10' OF LOT 35 ,31-320-30-06-00-0-00-000,"WELTON CUFFEE, 2711 BALES AVENUE, KANSAS CITY, MO 64128",-94.5497177793,39.0567444519,"3807 S BENTON AVE, KANSAS CITY, MO 64128",http://maps.jacksongov.org/PropertyReport/propertyReport.cfm?pid=31-320-30-06-00-0-00-000,data/PDFs/2013/KC 3 of 5 - ocr.pdf,37
"August 27, 2014",K2013-02682,MARYLAND LOT 20 BLK 9 ,31-330-01-18-00-0-00-000,"PROPKEY INVESTMENTS LLC, 1500 NE BRONZE DRIVE, LEES SUMMIT, MO 64086",-94.5452854105,39.0535621782,"3941 COLLEGE AVE, KANSAS CITY, MO 64130",http://maps.jacksongov.org/PropertyReport/propertyReport.cfm?pid=31-330-01-18-00-0-00-000,data/PDFs/2013/KC 3 of 5 - ocr.pdf,38
"August 27, 2014",K2013-02684,MARYLAND LOT 35 BLK 10 ,31-330-02-02-00-0-00-000,"AMIROF HOSS AND, ADAM KYWAFARD AND FARSHID HOORFAR, 3 NW OBRIEN ROAD #16 LEES SUMMIT, MO 64063",-94.5462732349,39.0550595619,"3901 BENTON BLVD, KANSAS CITY, MO 64130",http://maps.jacksongov.org/PropertyReport/propertyReport.cfm?pid=31-330-02-02-00-0-00-000,data/PDFs/2013/KC 3 of 5 - ocr.pdf,39
"August 27, 2014",K2013-02687,WAUNETA PARK LOT 65 ,31-330-04-18-00-0-00-000,"TENESIA SANDERS, PO BOX 1131, INDEPENDENCE, MO 64051",-94.5482874875,39.0538780114,"3938 BELLEFONTAINE AVE, KANSAS CITY, MO 64130",http://maps.jacksongov.org/PropertyReport/propertyReport.cfm?pid=31-330-04-18-00-0-00-000,data/PDFs/2013/KC 3 of 5 - ocr.pdf,40
"August 27, 2014",K2013-02689, BUNGALOW HILL N 24' LOT 33 & S 6' LOT 34 ,31-330-05-05-00-0-00-000,,-94.5498168776,39.0550241002,"3905 S BENTON AVE, KANSAS CITY, MO 64130",http://maps.jacksongov.org/PropertyReport/propertyReport.cfm?pid=31-330-05-05-00-0-00-000,data/PDFs/2013/KC 3 of 5 - ocr.pdf,41
"August 27, 2014",K2013-02700,OAK PARK N 22 FT OF LOT 123 & S  15 F T  OF LOT 124 ,31-330-10-10-00-0-00-000,"DERANCE MCCLEVELAND, 6615 STATE AVENUE #610, KANSAS cm, MO 66102",-94.5522448630,39.0526242757,"4019 MONTGALL AVE, KANSAS CITY, MO 64130",http://maps.jacksongov.org/PropertyReport/propertyReport.cfm?pid=31-330-10-10-00-0-00-000,data/PDFs/2013/KC 3 of 5 - ocr.pdf,42
"August 27, 2014",K2013-02702,OAK PARK S 15 FT OF LDT 94 & N  25 FT OF LOT 95 ,31-330-10-28-00-0-00-000,"ERNEST E BURNAM, 4427 MONTGALL, KANSAS CITY, MO 64130",-94.5517574413,39.0529085134,"4010 CHESTNUT AVE, KANSAS CITY, MO 64130",http://maps.jacksongov.org/PropertyReport/propertyReport.cfm?pid=31-330-10-28-00-0-00-000,data/PDFs/2013/KC 3 of 5 - ocr.pdf,43
"August 27, 2014",K2013-02704,OAK PARK N 20 FT OF LOT 83 & S 20 FT OF LOT 84 ,31-330-1 l -06-00-0-00-000,"CARLOS WARD, 2804 EAST 40TH, KANSAS CITY, MO 64130",,,,http://maps.jacksongov.org/PropertyReport/propertyReport.cfm?pid=31-330-1 l -06-00-0-00-000,data/PDFs/2013/KC 3 of 5 - ocr.pdf,44
"August 27, 2014",K2013-02710,WAUNETA PARK ANNEX LDT 18 ,31-330-14-01-00-0-00-000,"SHARIF DUREN, 3762 WAYNE AVENUE, KANSAS CITY, MO 64109",-94.5472296146,39.0532982198,"4000 BENTON BLVD, KANSAS CITY, MO 64130",http://maps.jacksongov.org/PropertyReport/propertyReport.cfm?pid=31-330-14-01-00-0-00-000,data/PDFs/2013/KC 3 of 5 - ocr.pdf,45
Could not process page 46
"August 27, 2014",K2013-02719,OAK PARK N 2' LOT 225 & S 33' LOT 226 ,31-330-19-15-00-0-00-000,"PROPKEY INVESTMENTS LLC, 1500 NE BRONZE DRIVE, LEES SUMMIT, MO 64086",-94.5500612086,39.0503153968,"4135 S BENTON AVE, KANSAS CITY, MO 64130",http://maps.jacksongov.org/PropertyReport/propertyReport.cfm?pid=31-330-19-15-00-0-00-000,data/PDFs/2013/KC 3 of 5 - ocr.pdf,47
"August 27, 2014",K2013-02726,OAK PARK LOT 260 ,31-330-25-22-00-0-00-000,"LUCY MARTINEZ, 528 SE ASHTON COURT, LEES SUMMIT, MO 64063",-94.5508367430,39.0485631516,"4238 S BENTON AVE, KANSAS CITY, MO 64130",http://maps.jacksongov.org/PropertyReport/propertyReport.cfm?pid=31-330-25-22-00-0-00-000,data/PDFs/2013/KC 3 of 5 - ocr.pdf,48
"August 27, 2014",K2013-02728, OAK PARK LOT 219 31 - 330-26-05-00-0-00-000 ,,,,,,,data/PDFs/2013/KC 3 of 5 - ocr.pdf,49
"August 27, 2014",K2013-02731,SOUTH WAUNETA PARK LOT 32 ,31-330-27-20-00-0-00-000,"THOMOSA TURLEY, 4025 SOUTH BENTON AVENUE, KANSAS CITY, MO 64130",-94.5485838839,39.0482775972,"4242 BELLEFONTAINE AVE, KANSAS CITY, MO 64130",http://maps.jacksongov.org/PropertyReport/propertyReport.cfm?pid=31-330-27-20-00-0-00-000,data/PDFs/2013/KC 3 of 5 - ocr.pdf,50
"August 27, 2014",K2013-02733,MARYLAND HILL LOT 5 ,31-330-30-27-00-0-00-000,"BRIAN L RANSBURG AND, ERICA D RANSBURG 3806 EAST 40TH, KANSAS CITY, MO 64130",-94.5455206175,39.0490117423,"4215 COLLEGE AVE, KANSAS CITY, MO 64130",http://maps.jacksongov.org/PropertyReport/propertyReport.cfm?pid=31-330-30-27-00-0-00-000,data/PDFs/2013/KC 3 of 5 - ocr.pdf,51
"August 27, 2014",K2013-02744,SEVEN OAKS TERRACE LOT 60 ,31-340-03-27-00-0-00-000,"CECIL PULLUAIM, 1201 WEST LINDEN AVENUE, INDEPENDENCE, MO 64052",-94.5378210566,39.0540297884,"3916 MYRTLE AVE, KANSAS CITY, MO 64130",http://maps.jacksongov.org/PropertyReport/propertyReport.cfm?pid=31-340-03-27-00-0-00-000,data/PDFs/2013/KC 3 of 5 - ocr.pdf,52
"August 27, 2014",K2013-02746,SEVEN DAKS GARDENS LOT 9 ,31-340-05-18-00-0-00-000,"JAROD JAMISON, 2101 LINWOOD BLVD # OFFICE, KANSAS CITY, MO 64109",-94.5401802705,39.0537683062,"3932 CLEVELAND AVE, KANSAS CITY, MO 64130",http://maps.jacksongov.org/PropertyReport/propertyReport.cfm?pid=31-340-05-18-00-0-00-000,data/PDFs/2013/KC 3 of 5 - ocr.pdf,53
Could not process page 54
"August 29, 2014",K2013-02753,JACKSON HEIGHTS RESURVEY LOT 117 ,31-340-15-23-00-0-00-000,"VERLEY MALCOLM, 4012 JACKSON AVENUE, KANSAS CITY, MO 64130",-94.5356615400,39.0521531727,"4014 JACKSON AVE, KANSAS CITY, MO 64130",http://maps.jacksongov.org/PropertyReport/propertyReport.cfm?pid=31-340-15-23-00-0-00-000,data/PDFs/2013/KC 3 of 5 - ocr.pdf,55
"August 29, 2014",K2013-02781,BENTON VIEW LOT 279 ,31-410-13-18-00-0-00-000,"VANESSA FREEMAN, 3937 PASEO, KANSAS CITY, MO 64110",-94.5394646593,39.0448823556,"4428 MERSINGTON AVE, KANSAS CITY, MO 64130",http://maps.jacksongov.org/PropertyReport/propertyReport.cfm?pid=31-410-13-18-00-0-00-000,data/PDFs/2013/KC 3 of 5 - ocr.pdf,56
"August 27, 2014",K2013-02788, BENTON RIDGE LOTS BLK 2 31 -410-22-25-00-0-00-000 ,,,,,,,data/PDFs/2013/KC 3 of 5 - ocr.pdf,57
"August 27, 2014",K2013-02789,TIMMON'S PLACE LOT 9 ,31-410-23-16-00-0-00-000,"ANN M WINSTON, 11701 BRISTOL TERRACE, KANSAS CITY, MO 64134",-94.5440950686,39.0435508932,"3418 E 45TH TER, KANSAS CITY, MO 64130",http://maps.jacksongov.org/PropertyReport/propertyReport.cfm?pid=31-410-23-16-00-0-00-000,data/PDFs/2013/KC 3 of 5 - ocr.pdf,58
"August 27, 2014",K2013-02791,BENTON RIDGE LOT 20 BLK 4 ,31-410-31-08-00-0-00-000,"CASPAR PROPERTIES LLC, 910 WEST RED BRIDGE ROAD, KANSAS CITY, MO 64114",-94.5421273080,39.0410364537,"3619 E 46TH TER, KANSAS CITY, MO 64130",http://maps.jacksongov.org/PropertyReport/propertyReport.cfm?pid=31-410-31-08-00-0-00-000,data/PDFs/2013/KC 3 of 5 - ocr.pdf,59
"August 27, 2014",K2013-02792,BENTON RIDGE LOT 14 BLK 4 ,31-410-31-13-00-0-00-000,"CASPAR PROPERTIES LLC, 910 WEST RED BRIDGE ROAD, KANSAS CITY, MO 64114",-94.5420321883,39.0407884802,"3618 E 47TH ST, KANSAS CITY, MO 64130",http://maps.jacksongov.org/PropertyReport/propertyReport.cfm?pid=31-410-31-13-00-0-00-000,data/PDFs/2013/KC 3 of 5 - ocr.pdf,60
"August 27, 2014",K2013-02793,BENTON HEIGHTS LOT 4 BLK 1 ,31-420-01-04-00-0-00-000,"MONDELL WALTON, 4212 COLLEGE, KANSAS CITY, MO 64130",-94.5456119418,39.0474479347,"4311 COLLEGE AVE, KANSAS CITY, MO 64130",http://maps.jacksongov.org/PropertyReport/propertyReport.cfm?pid=31-420-01-04-00-0-00-000,data/PDFs/2013/KC 3 of 5 - ocr.pdf,61
"August 29, 2014",K2013-02800,MAUMASIN LOT 13 ,31-420-08-17-00-0-00-000,"ERNEST E BURNAM, 4427 MONTGALL, KANSAS CITY, MO 64130",-94.5531716081,39.0476845939,"4314 MONTGALL AVE, KANSAS CITY, MO 64130",http://maps.jacksongov.org/PropertyReport/propertyReport.cfm?pid=31-420-08-17-00-0-00-000,data/PDFs/2013/KC 3 of 5 - ocr.pdf,62
August 291 2014,K2013-02812,LENOX LOT 63 ,31-420-21-29-00-0-00-000,"BARBARA CRAWFORD, 2733 PARK AVENUE, KANSAS CITY, MO 64109",-94.5522230011,39.0439148785,"4516 CHESTNUT AVE, KANSAS CITY, MO 64130",http://maps.jacksongov.org/PropertyReport/propertyReport.cfm?pid=31-420-21-29-00-0-00-000,data/PDFs/2013/KC 3 of 5 - ocr.pdf,63
"August 27, 2014",K2013-02813,LENOX LOT64 ,31-420-21-30-00-0-00-000,"MICHELLE WALKER, DBA VISION REHAB & INVESTMENTS LLC P.O. BOX 300714, KANSAS CITY, MO 64130",-94.5522179561,39.0440094819,"4512 CHESTNUT AVE, KANSAS CITY, MO 64130",http://maps.jacksongov.org/PropertyReport/propertyReport.cfm?pid=31-420-21-30-00-0-00-000,data/PDFs/2013/KC 3 of 5 - ocr.pdf,64
Could not process page 65
"August 27, 2014",K2013-02868,ELMWOOD TERRACE LOT 76 & N 10' LOT 77 ,31-520-24-10-00-0-00-000,"BENJAMIN FARMER, 8603 EAST 114TH, KANSAS CITY, MO 64134",-94.5309192060,39.0407669062,"4633 ELMWOOD AVE, KANSAS CITY, MO 64130",http://maps.jacksongov.org/PropertyReport/propertyReport.cfm?pid=31-520-24-10-00-0-00-000,data/PDFs/2013/KC 3 of 5 - ocr.pdf,66
"August 27, 2014",K2013-02873,EASTWOOD HILLS LOT 368 ,31-630-15-09-00-0-00-000,"REVITE LLC, 4 7  EAST 32ND STREET, KANSAS CITY, MO 64111",-94.5096468172,39.0329930643,"5043 BELMEADE RD, KANSAS CITY, MO 64129",http://maps.jacksongov.org/PropertyReport/propertyReport.cfm?pid=31-630-15-09-00-0-00-000,data/PDFs/2013/KC 3 of 5 - ocr.pdf,67
"August 27, 2014",K2013-02877,WATT ADD LOT 11 ,31-710-06-28-00-0-00-000,"LUCY MARTINEZ, 528 SE ASHTON COURT, LEES SUMMIT, MO 64063",-94.5051026456,39.0272707979,"6915 ELWYN RD, KANSAS CITY, MO 64129",http://maps.jacksongov.org/PropertyReport/propertyReport.cfm?pid=31-710-06-28-00-0-00-000,data/PDFs/2013/KC 3 of 5 - ocr.pdf,68
"August 30, 2014",K2013-02885,BLUE RIDGE PARK N 55' OF W 135' LOT 193 ,31-810-02-15-00-0-00-000,"JENNIFER GILKISON, 2804 NORTH TWYMAN ROAD, INDEPENDENCE, MO 64058",-94.5215552877,39.0294315593,"5237 HARDESTY AVE, KANSAS CITY, MO 64130",http://maps.jacksongov.org/PropertyReport/propertyReport.cfm?pid=31-810-02-15-00-0-00-000,data/PDFs/2013/KC 3 of 5 - ocr.pdf,69
"August 30, 2014",K2013-02886,BLUE RIDGE PARK S 104' OF W 135' LOT 193 ,31-810-02-16-00-0-00-000,"JENNIFER GILKISON, 2804 NORTH TWYMAN ROAD, INDEPENDENCE, MO 64058",-94.5215637197,39.0292691601,"5241 HARDESTY AVE, KANSAS CITY, MO 64130",http://maps.jacksongov.org/PropertyReport/propertyReport.cfm?pid=31-810-02-16-00-0-00-000,data/PDFs/2013/KC 3 of 5 - ocr.pdf,70
"August 29, 2014",K2013-02888,BLUE RIDGE PARK LOT 139 (EX E 180') ,31-810-13-02-00-0-00-000,"ANGELICA LOPEZ, 2411 SOUTH LEES SUMMIT ROAD, INDEPENDENCE, MO 64055",-94.5232616527,39.0288136866,"5301 E 53RD ST, KANSAS CITY, MO 64130",http://maps.jacksongov.org/PropertyReport/propertyReport.cfm?pid=31-810-13-02-00-0-00-000,data/PDFs/2013/KC 3 of 5 - ocr.pdf,71
"August 27, 2014",K2013-02896,SECTION 35 TWNSHP 49 RANGE 33 E 53.62 FT OF W 190.76 FT OF S 146 FT OF N 171 FT OF SW-NW 1/4 SEC 35-49-33 ,31-830-05-08-00-0-00-000,"BENJAMIN FARMER, 8603 EAST 114TH, KANSAS CITY, MO 64134",-94.5362634090,39.0237996852,"4209 E 56TH ST, KANSAS CITY, MO 64130",http://maps.jacksongov.org/PropertyReport/propertyReport.cfm?pid=31-830-05-08-00-0-00-000,data/PDFs/2013/KC 3 of 5 - ocr.pdf,72
"August 29, 2014",K2013-02898,SWOPE PARK ORCHARD LOT 20 ,31-830-06-15-00-0-00-000,"FIREHOUSE FOUR LLC, 1718 BROOKLYN AVENUE, KANSAS CITY, MO 64127",-94.5336448353,39.0233189279,"4418 E 56TH TER, KANSAS CITY, MO 64130",http://maps.jacksongov.org/PropertyReport/propertyReport.cfm?pid=31-830-06-15-00-0-00-000,data/PDFs/2013/KC 3 of 5 - ocr.pdf,73
"August 29, 2014",K2013-02899,SWOPE PARK ORCHARD LOTS 2 &3 ,31-830-06-21-00-0-00-000,"ANGELICA LOPEZ, 2411 SOUTH LEES SUMMIT ROAD, INDEPENDENCE, MO 64055",-94.5340637705,39.0237253786,"4403 E 56TH ST, KANSAS CITY, MO 64130",http://maps.jacksongov.org/PropertyReport/propertyReport.cfm?pid=31-830-06-21-00-0-00-000,data/PDFs/2013/KC 3 of 5 - ocr.pdf,74
"August 29, 2014",K2013-02941,"GRACELAND ANNEX E 35' OF LOTS 30, 31,  & 32 ",31-920-15-02-00-0-00-000,"BENJAMIN FARMER, 8603 EAST 114TH, KANSAS CITY, MO 64134",-94.5474205302,39.0314577676,"3209 E 52ND ST, KANSAS CITY, MO 64130",http://maps.jacksongov.org/PropertyReport/propertyReport.cfm?pid=31-920-15-02-00-0-00-000,data/PDFs/2013/KC 3 of 5 - ocr.pdf,75
"August 30, 2014",K2013-02947,MOZIER PLACE LOT 1 BLK 8 ,31-920-27-01-00-0-00-000,"ANTHONY CLEMONS, 2024 E GREGORY BOULEVARD, KANSAS CITY, MO 64132",-94.5506781084,39.0279483338,"2921 E 54TH ST, KANSAS CITY, MO 64130",http://maps.jacksongov.org/PropertyReport/propertyReport.cfm?pid=31-920-27-01-00-0-00-000,data/PDFs/2013/KC 3 of 5 - ocr.pdf,76
"August 27, 2014",K2013-02949, PROSPECT VISTA LOTS 115 & 116 31 -930-04-02-00-0-00-000 ,,,,,,,data/PDFs/2013/KC 3 of 5 - ocr.pdf,77
August 301 2014,K2013-02973, ELMORELAND W 47' OF S 46' LOT 1 & W 50.7' LOT 2 ,31-940-12-20-00-0-00-000,,0.0000000000,0.0000000000,"3632 E 58TH ST GARAGE, KANSAS CITY, MO 64130",http://maps.jacksongov.org/PropertyReport/propertyReport.cfm?pid=31-940-12-20-00-0-00-000,data/PDFs/2013/KC 3 of 5 - ocr.pdf,78
"August 29, 2014",K2013-02979,SWOPE PARK ANNEX LOT 36 ,31-940-16-12-00-0-00-000,"NICOLE DEAN, 7610 SNI-A-BAR TERRACE, KANSAS CITY, MO 64129",-94.5450497608,39.0196857883,"3503 E 58TH TER, KANSAS CITY, MO 64130",http://maps.jacksongov.org/PropertyReport/propertyReport.cfm?pid=31-940-16-12-00-0-00-000,data/PDFs/2013/KC 3 of 5 - ocr.pdf,79
"August 27, 2014",K2013-02984,SEC 30 TWP 49 RNG 32 PT OF SE NE 1/4 DAF: BEG PT 250' W & 485' N OF SE NE TH W 279. 7' TH N 440' MOL TH SELY 288' TH S TO POB ,32-410-04-02-00-0-00-000,"CHARLES FRANCIS CARLISLE, 3611 JEFFERSON, KANSAS CITY, MO 64111",-94.4819316081,39.0403914284,"4650 RAYTOWN RD, KANSAS CITY, MO 64129",http://maps.jacksongov.org/PropertyReport/propertyReport.cfm?pid=32-410-04-02-00-0-00-000,data/PDFs/2013/KC 3 of 5 - ocr.pdf,80
"August 27, 2014",K2013-02986,SEC-30 TWP-49 RNG-32----BEG 520' W OF SECOR NE 1/4 TH N 600' TO POB TH N 375.6' TH NW 95' MOL TH SW 10' TH NW 370' MOL TH S 594' MOL TH E TO BEG.( EX PT IN ROW) ,32-410-04-15-00-0-00-000,"CHARLES FRANCIS CARLISLE, 3611 JEFFERSON, KANSAS cm, MO 64111",-94.4832027143,39.0405287997,"4640 RAYTOWN RD, KANSAS CITY, MO 64129",http://maps.jacksongov.org/PropertyReport/propertyReport.cfm?pid=32-410-04-15-00-0-00-000,data/PDFs/2013/KC 3 of 5 - ocr.pdf,81
"August 29, 2014",K2013-03002,"SUNRISE VIEW ALL TH PT OF TR 13. BEG AT SW COR TH RUNN NELY ON ELI OF RINKER RD 50' TO A PT TH SELY ON A LI 319.2' MOL TO A PT ONE LI OF SD TR. 13 TH SON ELI OF TR 13, 87 1/2' TO SECOR THOF TH NWLY ON S LI OF 13 TO BEG. (EX ANY PT IN RINKER RD) (EX ANY PT IN RINKER RD) OF ",32-910-03-20-00-0-00-000,"KELLY HARVEY, 8205 EAST 57TH, KANSAS cm, MO 64129",-94.4871373809,39.0276424811,"5145 RINKER RD, KANSAS CITY, MO 64129",http://maps.jacksongov.org/PropertyReport/propertyReport.cfm?pid=32-910-03-20-00-0-00-000,data/PDFs/2013/KC 3 of 5 - ocr.pdf,82
"August 27, 2014",K2013-03006,VINEYARD HILLS EAST CORR PLAT LOT 20 BLK 3 ,32-920-02-20-00-0-00-000,"ERNEST E BURNAM, 4427 MONTGALL, KANSAS CITY, MO 64130",-94.4944292083,39.0310521545,"5135 PALMER DR, KANSAS CITY, MO 64129",http://maps.jacksongov.org/PropertyReport/propertyReport.cfm?pid=32-920-02-20-00-0-00-000,data/PDFs/2013/KC 3 of 5 - ocr.pdf,83
"August 27, 2014",K2013-03020, EASTGATE N 1/2 OF LOT 4 ,45-310-03-03-00-0-00-000,,-94.4842492917,39.0150031780,"8700 E 60TH TER, KANSAS CITY, MO 64129",http://maps.jacksongov.org/PropertyReport/propertyReport.cfm?pid=45-310-03-03-00-0-00-000,data/PDFs/2013/KC 3 of 5 - ocr.pdf,84
"August 27, 2014",K2013-03031,MARQUETTS BLUE RIDGE ADD SLY 10' OF LOT 7 & ALL OF LOT 8 LY IN RAYTOWN ,45-940-04-61-00-0-00-000,"MARVIN MURRAY JR, 5219 MARSH AVENUE, KANSAS CITY, MO 64129",,,,http://maps.jacksongov.org/PropertyReport/propertyReport.cfm?pid=45-940-04-61-00-0-00-000,data/PDFs/2013/KC 3 of 5 - ocr.pdf,85
Could not process page 86
"August 29, 2014",K2013-03035,CYPRESS RIDGE LOTS 62-65 ,46-220-04-29-00-0-00-000,"JOYA GRAVES, 5835 WOODLAND AVENUE, KANSAS CITY, MO 64110",-94.5322853359,39.0177466655,"5915 ELMWOOD AVE, KANSAS CITY, MO 64130",http://maps.jacksongov.org/PropertyReport/propertyReport.cfm?pid=46-220-04-29-00-0-00-000,data/PDFs/2013/KC 3 of 5 - ocr.pdf,87
"August 27, 2014",K2013-03049,"SWOPE PARK VIEW E 74.8 FT OF N 100 FT OF S 120 FT OF LOT 36, W 1  FT OFLOT 1 BLK 1 SWOPE PARK MANOR NO 2 ",46-220-14-36-00-0-00-000,"DERRICK TOOMBS, 1111 WEST 44TH APT B, KANSAS CITY, MO 64111",-94.5353245767,39.0126964000,"4245 E 62ND ST, KANSAS CITY, MO 64130",http://maps.jacksongov.org/PropertyReport/propertyReport.cfm?pid=46-220-14-36-00-0-00-000,data/PDFs/2013/KC 3 of 5 - ocr.pdf,88
"August 29, 2014",K2013-03051,SWOPE PARK HIGHLANDS N 50' OF S 175' LOT 42 ,46-310-02-21-00-0-00-000,"JAROD JAMISON, 2101 LINWOOD BLVD # OFFICE, KANSAS CITY, MO 64109",-94.5462569679,39.0177626812,"5935 INDIANA AVE, KANSAS CITY, MO 64130",http://maps.jacksongov.org/PropertyReport/propertyReport.cfm?pid=46-310-02-21-00-0-00-000,data/PDFs/2013/KC 3 of 5 - ocr.pdf,89
"August 29, 2014",K2013-03052,SWOPE PARK HIGHLANDS W 68.12 FT OF N 150 FT OF L OT 43 ,46-310-03-16-00-0-00-000,"KELLY HARVEY, 8205 EAST 57TH, KANSAS CITY, MO 64129",-94.5463905760,39.0170121312,"3401 E 60TH ST, KANSAS CITY, MO 64130",http://maps.jacksongov.org/PropertyReport/propertyReport.cfm?pid=46-310-03-16-00-0-00-000,data/PDFs/2013/KC 3 of 5 - ocr.pdf,90
"August 27, 2014",K2013-03060,SWOPE PARK HIGHLANDS S 33 1/3' OF N 100' OF LOT 33 (EX E 30' THOF) ,46-310-09-23-00-0-00-000,"JAROD JAMISON, 2101 LINWOOD BLVD # OFFICE, KANSAS CITY, MO 64109",-94.5463085192,39.0127828337,"6229 INDIANA AVE, KANSAS CITY, MO 64130",http://maps.jacksongov.org/PropertyReport/propertyReport.cfm?pid=46-310-09-23-00-0-00-000,data/PDFs/2013/KC 3 of 5 - ocr.pdf,91
Could not process page 92
August 271 2014,K2013-03074, BEAUFORT SUB LOT 47 LOT 3 ,46-320-04-27-00-0-00-000,,-94.5515421140,39.0187930517,"5904 AGNES AVE, KANSAS CITY, MO 64130",http://maps.jacksongov.org/PropertyReport/propertyReport.cfm?pid=46-320-04-27-00-0-00-000,data/PDFs/2013/KC 3 of 5 - ocr.pdf,93
"August 29, 2014",K2013-03075,BEAUFORT S 37 1/2' OF N 75' OF W 140.75' OF LOT 59 ,46-320-10-09-00-0-00-000,"JOYA GRAVES, 5835 WOODLAND AVENUE, KANSAS CITY, MO 64110",-94.5532998020,39.0165390309,"6029 CHESTNUT AVE, KANSAS CITY, MO 64130",http://maps.jacksongov.org/PropertyReport/propertyReport.cfm?pid=46-320-10-09-00-0-00-000,data/PDFs/2013/KC 3 of 5 - ocr.pdf,94
"August 29, 2014",K2013-03076,BEAUFORT S 37.5' OF N 112.5' OF W 14 0.75' OF LOT 59 ,46-320-10-10-00-0-00-000,"JOYA GRAVES, 5835 WOODLAND AVENUE, KANSAS CITY, MO 64110",-94.5533052970,39.0164359494,"6031 CHESTNUT AVE, KANSAS CITY, MO 64130",http://maps.jacksongov.org/PropertyReport/propertyReport.cfm?pid=46-320-10-10-00-0-00-000,data/PDFs/2013/KC 3 of 5 - ocr.pdf,95
"August 27, 2014",K2013-03099,BEAUFORT S 40' OF N 80' OF E 137. 79' OF LOT 53 ,46-320-26-22-00-0-00-000,"ANTHONY CLEMONS, 2024 E GREGORY BOULEVARD, KANSAS CITY, MO 64132",-94.5517924080,39.0138108844,"6204 AGNES AVE, KANSAS CITY, MO 64130",http://maps.jacksongov.org/PropertyReport/propertyReport.cfm?pid=46-320-26-22-00-0-00-000,data/PDFs/2013/KC 3 of 5 - ocr.pdf,96
"August 27, 2014",K2013-03102,UNIVERSITY HEIGHTS RES S 13 FT OF LOT 209 & ALL OF LDT 210 ,46-330-03-15-00-0-00-000,"BENJAMIN FARMER, 8603 EAST 114TH, KANSAS CITY, MO 64134",-94.5496173754,39.0105577228,"6340 WALROND AVE, KANSAS CITY, MO 64132",http://maps.jacksongov.org/PropertyReport/propertyReport.cfm?pid=46-330-03-15-00-0-00-000,data/PDFs/2013/KC 3 of 5 - ocr.pdf,97
"August 27, 2014",K2013-03103,HAGERWOOD ALL OF LOT 68 & S 33' OF LOT 69 BLK 4 ,46-330-05-09-00-0-00-000,"CLLC INVESTMENTS LLC, 12015 EAST 60TH TERRACE, KANSAS CI1Y, MO 64133",-94.5524077188,39.0113739225,"6323 S BENTON AVE, KANSAS CITY, MO 64132",http://maps.jacksongov.org/PropertyReport/propertyReport.cfm?pid=46-330-05-09-00-0-00-000,data/PDFs/2013/KC 3 of 5 - ocr.pdf,98
"August 28, 2014",K2013-03, HAGER WOOD LOT 9 BLK 5 ,46-330-13-!0-00-0-00-000,,,,,http://maps.jacksongov.org/PropertyReport/propertyReport.cfm?pid=46-330-13-!0-00-0-00-000,data/PDFs/2013/KC 3 of 5 - ocr.pdf,99
"August 28, 2014",K2013-03111,SWOPE PARK MANOR N 1.36 FT OF LOT 22 BLK 3 & S  53.47 FT OF 23 BLK 3 ,46-330-16-10-00-0-00-000,"R scon INVESTMENTS LLC, PO BOX 673, GRANDVIEW, MO 64030",-94.5490241771,39.0090537049,"6435 WALROND AVE, KANSAS CITY, MO 64132",http://maps.jacksongov.org/PropertyReport/propertyReport.cfm?pid=46-330-16-10-00-0-00-000,data/PDFs/2013/KC 3 of 5 - ocr.pdf,100
