Date Sold,Parcel Number,Legal Description,APN,Owner Name Address,longitude,latitude,Situs Address,URL,Source,Page No.
"August 28, 2014",K2013-03113,PARK GATE LOTS 563 & 564 ,46-330-20-27-00-0-00-000,"TERRY LANGFORD, 4312 SE TROTIER DRIVE, LEES SUMMIT, MO 64082",-94.5498187378,39.0067238253,"6614 WALROND AVE, KANSAS CITY, MO 64132",http://maps.jacksongov.org/PropertyReport/propertyReport.cfm?pid=46-330-20-27-00-0-00-000,data/PDFs/2013/KC 4of 5- ocr.pdf,1
August 281 2014,K2013-03115,PARK GATE LOT 801 ,46-340-05-12-00-0-00-000,"WELTON CUFFEE, 2711 BALES AVENUE, KANSAS CITY, MO 64128",-94.5457210146,39.0055453093,"6651 BALES AVE, KANSAS CITY, MO 64132",http://maps.jacksongov.org/PropertyReport/propertyReport.cfm?pid=46-340-05-12-00-0-00-000,data/PDFs/2013/KC 4of 5- ocr.pdf,2
"August 28, 2014",K2013-03116,PARK GATE S 1/2 LOT 784 & ALL LOT 785 ,46-340-06-21-00-0-00-000,"WELTON CUFFEE, 2711 BALES AVENUE, KANSAS CITY, MO 64128",-94.5463964953,39.0053824498,"6656 BALES AVE, KANSAS CITY, MO 64132",http://maps.jacksongov.org/PropertyReport/propertyReport.cfm?pid=46-340-06-21-00-0-00-000,data/PDFs/2013/KC 4of 5- ocr.pdf,3
August 291 2014,K2013-03131,SWOPELAND LOT 38 ,46-410-29-12-00-0-00-000,"ANTHONY CLEMONS, 2024 E GREGORY BOULEVARD, KANSAS CITY, MO 64132",-94.5403589105,38.9998639946,"4005 E 69TH TER, KANSAS CITY, MO 64132",http://maps.jacksongov.org/PropertyReport/propertyReport.cfm?pid=46-410-29-12-00-0-00-000,data/PDFs/2013/KC 4of 5- ocr.pdf,4
"August 29, 2014",K2013-03136,SWOPE PARK CAMPUS N 40' OF S 80' OF LOT 256 ,46-420-04-08-00-0-00-000,"VICTOR WYNN JR, 3902 EAST 39TH STREET, KANSAS CITY, MO 64128",-94.5515909626,39.0043260951,"6719 AGNES AVE, KANSAS CITY, MO 64132",http://maps.jacksongov.org/PropertyReport/propertyReport.cfm?pid=46-420-04-08-00-0-00-000,data/PDFs/2013/KC 4of 5- ocr.pdf,5
"August 28, 2014",K2013-03140,HATCH'S ADDITION LOT 16 ,46-420-06-26-00-0-00-000,"CARL HARVEY, 2731 ELMWOOD, KANSAS CITY, MO 64130",-94.5534176789,39.0045743325,"6714 S BENTON AVE, KANSAS CITY, MO 64132",http://maps.jacksongov.org/PropertyReport/propertyReport.cfm?pid=46-420-06-26-00-0-00-000,data/PDFs/2013/KC 4of 5- ocr.pdf,6
"August 28, 2014",K2013-03153,SWOPE RIDGE LOT 19 ,46-420-17-17-00-0-00-000,"JOYA GRAVES, 5835 WOODLAND AVENUE, KANSAS CITY, MO 64110",-94.5478502340,38.9995943347,"6946 INDIANA AVE, KANSAS CITY, MO 64132",http://maps.jacksongov.org/PropertyReport/propertyReport.cfm?pid=46-420-17-17-00-0-00-000,data/PDFs/2013/KC 4of 5- ocr.pdf,7
"August 28, 2014",K2013-03165,SWOPE RIDGE LOT45 ,46-420-32-06-00-0-00-000,"R SCOTT INVESTMENTS LLC, PO BOX 673, GRANDVIEW, MO 64030",-94.5483674167,38.9989136264,"7015 COLLEGE AVE, KANSAS CITY, MO 64132",http://maps.jacksongov.org/PropertyReport/propertyReport.cfm?pid=46-420-32-06-00-0-00-000,data/PDFs/2013/KC 4of 5- ocr.pdf,8
"August 28, 2014",K2013-03170,STECK'S ADD S 14.27 FT OF LOT 2 N  21.46 FT OF LOT 3 ,46-430-04-29-00-0-00-000,"BENJAMIN FARMER, 8603 EAST 114TH, KANSAS CITY, MO 64134",-94.5514423705,38.9974409883,"7106 BELLEFONTAINE AVE, KANSAS CITY, MO 64132",http://maps.jacksongov.org/PropertyReport/propertyReport.cfm?pid=46-430-04-29-00-0-00-000,data/PDFs/2013/KC 4of 5- ocr.pdf,9
"August 28, 2014",K2013-03176,EAST MAYBURN LOT 16 & 17 ,46-430-15-16-00-0-00-000,"JERRY A VANALST, 7245 COLLEGE AVENUE, KANSAS CITY, MO 64132",-94.5493022058,38.9943558698,"3212 E 73RD ST, KANSAS CITY, MO 64132",http://maps.jacksongov.org/PropertyReport/propertyReport.cfm?pid=46-430-15-16-00-0-00-000,data/PDFs/2013/KC 4of 5- ocr.pdf,10
"August 28, 2014",K2013-03190,SWOPE PARK HEIGHTS S 75 FT OF N 227.93 FT OF E 135 FT OF LOT 48 ,46-430-32-18-00-0-00-000,"ONIEL G WHYTE, 11911 HOLIDAY DRIVE #277, GRANDVIEW, MO 64030",-94.5482272919,38.9916055554,"7416 INDIANA AVE, KANSAS CITY, MO 64132",http://maps.jacksongov.org/PropertyReport/propertyReport.cfm?pid=46-430-32-18-00-0-00-000,data/PDFs/2013/KC 4of 5- ocr.pdf,11
"August 28, 2014",K2013-03207,SEC 15 TWP 48 RNG 33 E 67.5' OF W 92.5' OF S 165' OF NE SW NE 1/4 (EX PT IN ST) ,46-910-02-27-00-0-00-000,"REVITE LLC, 47 EAST 32ND STREET, KANSAS CITY, MO 64111",-94.5456521738,38.9850688647,"3536 E 78TH ST, KANSAS CITY, MO 64132",http://maps.jacksongov.org/PropertyReport/propertyReport.cfm?pid=46-910-02-27-00-0-00-000,data/PDFs/2013/KC 4of 5- ocr.pdf,12
"August 28, 2014",K2013-03211,MARLBORO WOODS LOTS SO & 51 ,46-920-03-27-00-0-00-000,"ANTHONY CLEMONS, 2024 E GREGORY BOULEVARD, KANSAS CITY, MO 64132",-94.5533798644,38.9863317478,"2914 E 77TH TER, KANSAS CITY, MO 64132",http://maps.jacksongov.org/PropertyReport/propertyReport.cfm?pid=46-920-03-27-00-0-00-000,data/PDFs/2013/KC 4of 5- ocr.pdf,13
"August 30, 2014",K2013-03228,PROSPECT MANOR LOT 30 ,47-110-01-02-00-0-00-000,"FIREHOUSE FOUR LLC, 1718 BROOKLYN AVENUE, KANSAS CITY, MO 64127",-94.5565994160,39.0192138011,"5901 WABASH AVE, KANSAS CITY, MO 64130",http://maps.jacksongov.org/PropertyReport/propertyReport.cfm?pid=47-110-01-02-00-0-00-000,data/PDFs/2013/KC 4of 5- ocr.pdf,14
"August 29, 2014",K2013-03230,PROSPECT MANOR LOT 23 ,47-110-01-09-00-0-00-000,"VICTOR LEE WYNN SR AND, CARRIE MAE WYNN 3902 E 39TH STREET, KANSAS CITY, MO 64128",-94.5566342323,39.0184947708,"5921 WABASH AVE, KANSAS CITY, MO 64130",http://maps.jacksongov.org/PropertyReport/propertyReport.cfm?pid=47-110-01-09-00-0-00-000,data/PDFs/2013/KC 4of 5- ocr.pdf,15
"August 28, 2014",K2013-03233,PROSPECT MANOR LOT 44 ,47-110-02-16-00-0-00-000,"JOYA GRAVES, 5835 WOODLAND AVENUE, KANSAS CITY, MO 64110",-94.5572607017,39.0179562692,"5936 WABASH AVE, KANSAS CITY, MO 64130",http://maps.jacksongov.org/PropertyReport/propertyReport.cfm?pid=47-110-02-16-00-0-00-000,data/PDFs/2013/KC 4of 5- ocr.pdf,16
"August 28, 2014",K2013-03240, ELM RIDGE PLAZA N 45 ' OF LOTS 74 & 75 4 7-120-03-01-00-0-00-000 ,,,,,,,data/PDFs/2013/KC 4of 5- ocr.pdf,17
"August 28, 2014",K2013-03249,JEWELL'S 4TH ADD LDT 39 ,47-130-08-18-00-0-00-000,"JONATHAN JENNINGS, 121 WEST 63RD, SUITE 202 KANSAS CITY, MD 64113",-94.5688271668,39.0064196699,"1435 E 66TH TER, KANSAS CITY, MO 64131",http://maps.jacksongov.org/PropertyReport/propertyReport.cfm?pid=47-130-08-18-00-0-00-000,data/PDFs/2013/KC 4of 5- ocr.pdf,18
"August 28, 2014",K2013-03268, BLENHEIM W 1/2 S OF 67TH ST OF LOT 4 4 7-610-01-07-00-0-00-000 ,,,,,,,data/PDFs/2013/KC 4of 5- ocr.pdf,19
"August 28, 2014",K2013-03271, BLENHEIM BEG AT A PT 111' NWLY FROM SEC COR LOT 19 TH NWLY TO S LI OF 67TH ST TH W TO W LI LOT 20 TH S 123.84' TH NELY TO BEG PT OF LOTS 19 & 20 4 7-610-03-01-00-0-00-000 ,,,,,,,data/PDFs/2013/KC 4of 5- ocr.pdf,20
"August 29, 2014",K2013-03276, BLENHEIM W 1/2 OF LOT 128 4 7-610-08-31-00-0-00-000 ,,,,,,,data/PDFs/2013/KC 4of 5- ocr.pdf,21
"August 28, 2014",K2013-03282, BLUE HILLS N 15' DF LDT 79 & S 25' OF LOT 80 4 7-610- 10-24-00-0-00-000 ,,,,,,,data/PDFs/2013/KC 4of 5- ocr.pdf,22
"August 28, 2014",K2013-03297,MARLBOROUGH HEIGHTS S 42' OF N 169.84' LOT 87 (EX PT IN FLORA AYE) ,47-630-03-12-00-0-00-000,"MARK M FRANKLIN, 2120 E 37TH STREET, KANSAS CITY, MO 64109",-94.5692891022,38.9972544382,"7121 FLORA AVE, KANSAS CITY, MO 64131",http://maps.jacksongov.org/PropertyReport/propertyReport.cfm?pid=47-630-03-12-00-0-00-000,data/PDFs/2013/KC 4of 5- ocr.pdf,23
"August 28, 2014",K2013-03304, MARLBOROUGH HEIGHTS S 50' OF LOT 1111 4 7-630-28-22-00-0-00-000 ,,,,,,,data/PDFs/2013/KC 4of 5- ocr.pdf,24
"August 28, 2014",K2013-03309, PASEO CREST SWLY 15' LOT 7 &  NELY 45' LOT 8 4 7-640-06-22-00-0-00-000 ,,,,,,,data/PDFs/2013/KC 4of 5- ocr.pdf,25
"August 28, 2014",K2013-03311, PROSPECT FIELDS LOT 61 4 7-640-09-15-00-0-00-000 ,,,,,,,data/PDFs/2013/KC 4of 5- ocr.pdf,26
"August 28, 2014",K2013-03312, PROSPECT FIELDS LOT49 4 7-640-10-04-00-0-00-000 ,,,,,,,data/PDFs/2013/KC 4of 5- ocr.pdf,27
"August 28, 2014",K2013-03325, MARLBOROUGH HEIGHTS E 1/2 OF LOT 246 4 7- 720-01 -23-00-0-00-000 ,,,,,,,data/PDFs/2013/KC 4of 5- ocr.pdf,28
"August 28, 2014",K2013-03332, MARLBOROUGH HEIGHTS E 47.30 FT OF LOT 339 4 7-720-06-41-00-0-00-000 ,,,,,,,data/PDFs/2013/KC 4of 5- ocr.pdf,29
"August 28, 2014",K2013-03334,MARLBOROUGH HEIGHTS E SO' OF LOT 495 ,47-720-12-35-00-0-00-000,"A z ENTERPRISE LLC, 3544 PASEO BLVD, KANSAS CITY, MO 64109",-94.5674244671,38.9852584849,"1718 E 78TH ST, KANSAS CITY, MO 64131",http://maps.jacksongov.org/PropertyReport/propertyReport.cfm?pid=47-720-12-35-00-0-00-000,data/PDFs/2013/KC 4of 5- ocr.pdf,30
"August 28, 2014",K2013-03367, MARLBOROUGH HILL LOT 7 4 7  - 740-03-02-00-0-00-000 ,,,,,,,data/PDFs/2013/KC 4of 5- ocr.pdf,31
"August 28, 2014",K2013-03368, MARLBOROUGH HILL N 15' OF LOT 84 & ALL OF LOT 85 4 7-740-07-21-00-0-00-000 ,,,,,,,data/PDFs/2013/KC 4of 5- ocr.pdf,32
"August 28, 2014",K2013-03373,MARLBOROUGH GARDENS LOT41 ,47-740-10-44-00-0-00-000,"JONATHAN JENNINGS, 121 WEST 63RD, SUITE 202 KANSAS CITY, MO 64113",-94.5615289326,38.9828744749,"7920 PARK AVE, KANSAS CITY, MO 64132",http://maps.jacksongov.org/PropertyReport/propertyReport.cfm?pid=47-740-10-44-00-0-00-000,data/PDFs/2013/KC 4of 5- ocr.pdf,33
"August 28, 2014",K20, MARLBOROUGH GARDENS LOT 93 ,47-740-12-06-00-0-00-000,,-94.5599724883,38.9820217262,"7941 OLIVE ST, KANSAS CITY, MO 64132",http://maps.jacksongov.org/PropertyReport/propertyReport.cfm?pid=47-740-12-06-00-0-00-000,data/PDFs/2013/KC 4of 5- ocr.pdf,34
Could not process page 35
"August 28, 2014",K2013-03380, MARLBOROUGH GARDENS LOT 128 4 7-740-13-07-00-0-00-000 ,,,,,,,data/PDFs/2013/KC 4of 5- ocr.pdf,36
"August 28, 2014",K2013-03386,MARLBOROUGH PLAZA W 23' OF LOT 111 & ALL OF LOT 112 ,47-740-22-09-00-0-00-000,"REVITE LLC, 4 7  EAST 32ND STREET, KANSAS CITY, MO 64111",-94.5643932668,38.9789327633,"2007 E 81ST TER, KANSAS CITY, MO 64132",http://maps.jacksongov.org/PropertyReport/propertyReport.cfm?pid=47-740-22-09-00-0-00-000,data/PDFs/2013/KC 4of 5- ocr.pdf,37
"August 28, 2014",K2013-03399,ROCKHILL MANOR LOT 54 ,47-840-05-17-00-0-00-000,"WESTERN REAL ESTATE INVESTMENTS, 2001 EAST PRAIRIE CIRCLE #A, OLATHE, KS 66062",-94.5849375130,38.9831799290,"404 E 80TH ST, KANSAS CITY, MO 64131",http://maps.jacksongov.org/PropertyReport/propertyReport.cfm?pid=47-840-05-17-00-0-00-000,data/PDFs/2013/KC 4of 5- ocr.pdf,38
"August 28, 2014",K2013-03405,MARLBOROUGH PLACE LOT 18 ,48-110-08-04-00-0-00-000,"BENJAMIN FARMER, 8603 EAST 114TH, KANSAS CITY, MO 64134",-94.5658919322,38.9742710310,"1905 E 84TH ST, KANSAS CITY, MO 64132",http://maps.jacksongov.org/PropertyReport/propertyReport.cfm?pid=48-110-08-04-00-0-00-000,data/PDFs/2013/KC 4of 5- ocr.pdf,39
"August 28, 2014",K2013-03406,MARLBOROUGH PLACE LOT 63 ,46-110-09-21-00-0-00-000,"MARK M FRANKLIN, 2120 E 37TH STREET, KANSAS CITY, MO 64109",,,,http://maps.jacksongov.org/PropertyReport/propertyReport.cfm?pid=46-110-09-21-00-0-00-000,data/PDFs/2013/KC 4of 5- ocr.pdf,40
"August 28, 2014",K2013-03416,WOODSIDE ALL OF LOT 10 ,48- 120- 22 - 24-00-0-00-000,"ABDUL SUBHAN MOHAMMED, 14300 BALLENTINE STREET, OVERLAND PARK, KS 66221",,,,http://maps.jacksongov.org/PropertyReport/propertyReport.cfm?pid=48- 120- 22 - 24-00-0-00-000,data/PDFs/2013/KC 4of 5- ocr.pdf,41
"August 28, 2014",K2013-03417,WOODSIDE LOT 3 ,48-120-22-31-00-0-00-000,"ANTHONY CLEMONS, 2024 E GREGORY BOULEVARD, KANSAS CITY, MO 64132",-94.5689671739,38.9709328214,"8604 HIGHLAND AVE, KANSAS CITY, MO 64131",http://maps.jacksongov.org/PropertyReport/propertyReport.cfm?pid=48-120-22-31-00-0-00-000,data/PDFs/2013/KC 4of 5- ocr.pdf,42
"August 28, 2014",K2013-03435,BROADVIEW HEIGHTS LOT 49 (EX PT TAKEN FOR ROW) ,48-530-06-19-00-0-00-000,"KEVIN J FOX, 2904 WEST 112 STREET, LEAWOOD, KS 66211",-94.5953633092,38.9551924501,"9515 WORNALL RD, KANSAS CITY, MO 64114",http://maps.jacksongov.org/PropertyReport/propertyReport.cfm?pid=48-530-06-19-00-0-00-000,data/PDFs/2013/KC 4of 5- ocr.pdf,43
"August 28, 2014",K2013-03444,THE TALISMAN CDNDDMINJUM UNIT 2022 ,48-945-26-09-00-0-00-000,"CHRISTINA MCINTOSH, 500 DELAWARE STREET SUITE 101, KANSAS CITY, MO 64105",-94.5988958219,38.9387548555,"470 W 104TH ST 202Z, KANSAS CITY, MO 64114",http://maps.jacksongov.org/PropertyReport/propertyReport.cfm?pid=48-945-26-09-00-0-00-000,data/PDFs/2013/KC 4of 5- ocr.pdf,44
"August 29, 2014",K2013-03452,SEC-22 TWP-48 RNG-33 PT OF SE 1/4 SE 1/4 LY WLY OF W ROW LI OF SOUTH MIDTOWN FREEWAY ,49-340-02-12-02-0-00-000,"JENNIFER GILKISON, 2804 NORTH TWYMAN ROAD, INDEPENDENCE, MO 64058",-94.5441817850,38.9629488780,"8900 HICKMAN MILLS DR, KANSAS CITY, MO 64132",http://maps.jacksongov.org/PropertyReport/propertyReport.cfm?pid=49-340-02-12-02-0-00-000,data/PDFs/2013/KC 4of 5- ocr.pdf,45
"August 28, 2014",K2013-03453,PLEASANT HILL ADD E 60 FT OF LOT 3 W  20 FT OF LOT 4 ,49-410-03-16-00-0-00-000,"ROBRA R REVELS, 15426 EAST 45TH TERRACE SOUTH APT D, INDEPENDENCE, MO 64055",-94.5484062285,38.9581354290,"3408 E 93RD ST, KANSAS CITY, MO 64132",http://maps.jacksongov.org/PropertyReport/propertyReport.cfm?pid=49-410-03-16-00-0-00-000,data/PDFs/2013/KC 4of 5- ocr.pdf,46
"August 28, 2014",K2013-03456, BLUE RIVER HEIGHTS S 150' LOT 16 ,49-420-05-20-00-0-00-000,,-94.5547374021,38.9581821344,"9231 CHESTNUT AVE, KANSAS CITY, MO 64132",http://maps.jacksongov.org/PropertyReport/propertyReport.cfm?pid=49-420-05-20-00-0-00-000,data/PDFs/2013/KC 4of 5- ocr.pdf,47
"August 28, 2014",K2013-03460,"SECHREST ESTATE SUB COMM PL AT OF COMM 330' E OF NW COR SD LOT 5, TH S 660' TO TRUE POB, TH 5325.79', THE 264', TH N 325.79', TH W 264' TO POB ",49-610-05-05-00-0-00-000,"JOSHUA KIRK, 1904 MAIN STREET #lC, KANSAS CITY, MO 64108",-94.5094811342,38.9537806567,"9421 NEWTON DR, KANSAS CITY, MO 64138",http://maps.jacksongov.org/PropertyReport/propertyReport.cfm?pid=49-610-05-05-00-0-00-000,data/PDFs/2013/KC 4of 5- ocr.pdf,48
"August 28, 2014",K2013-03466,STOMP GARDENS NO 3 LOT44 ,49-740-06-24-00-0-00-000,"EYON COLLEY, 8725 E BANNISTER TERRACE, KANSAS CITY, MO 64134",-94.5066787619,38.9328272413,"10516 CORRINGTON AVE, KANSAS CITY, MO 64134",http://maps.jacksongov.org/PropertyReport/propertyReport.cfm?pid=49-740-06-24-00-0-00-000,data/PDFs/2013/KC 4of 5- ocr.pdf,49
"August 28, 2014",K2013-03475,BLUE RIDGE RANCH ESTATES BLK 1 LOT 5 ,50-320-01-19-00-0-00-000,"SAMED KHI QARINI, 4532 PASEO BLVD, KANSAS CITY, MO 64110",,,,http://maps.jacksongov.org/PropertyReport/propertyReport.cfm?pid=50-320-01-19-00-0-00-000,data/PDFs/2013/KC 4of 5- ocr.pdf,50
"August 28, 2014",K2013-03479, BLUE RIDGE RANCH EST DAF: BEG 10' S OF NW COR LT 21 TH N 65' THE 170' TH S 61'THWT0P0B ,50-320-08-12-00-0-00-000,,,,,http://maps.jacksongov.org/PropertyReport/propertyReport.cfm?pid=50-320-08-12-00-0-00-000,data/PDFs/2013/KC 4of 5- ocr.pdf,51
"August 28, 2014",K2013-03513,RUSKIN HEIGHTS LDT 381 ,63-320-19-01-00-0-00-000,"ABDUL SUBHAN MOHAMMED, 14300 BALLENTINE STREET, OVERLAND PARK, KS 66221",-94.4997651635,38.9232794708,"11001 BRISTOL TER, KANSAS CITY, MO 64134",http://maps.jacksongov.org/PropertyReport/propertyReport.cfm?pid=63-320-19-01-00-0-00-000,data/PDFs/2013/KC 4of 5- ocr.pdf,52
"August 28, 2014",K2013-03516,RUSKIN HEIGHTS LOT 415 ,63-330-06-22-00-0-00-000,"JULIO GARCIGA, 1304 SE PRINCETON PLACE, LEE SUMMIT, MO 64081",-94.5021809646,38.9224719095,"11022 BRISTOL TER, KANSAS CITY, MO 64134",http://maps.jacksongov.org/PropertyReport/propertyReport.cfm?pid=63-330-06-22-00-0-00-000,data/PDFs/2013/KC 4of 5- ocr.pdf,53
"August 28, 2014",K2013-03535,RUSKIN HEIGHTS LOT 672 ,64-110-02-08-00-0-00-000,"VALERIE YOUNG, 7944 OAK STREET, KANSAS CITY, MO 64114",-94.5057350672,38.9299898087,"7203 E 108TH TER, KANSAS CITY, MO 64134",http://maps.jacksongov.org/PropertyReport/propertyReport.cfm?pid=64-110-02-08-00-0-00-000,data/PDFs/2013/KC 4of 5- ocr.pdf,54
"August 28, 2014",K2013-03536,RUSKIN VILLAGE LOT84 ,64-110-03-18-00-0-00-000,"CONSTANCE J ANDERSON, 9318 RICHMOND AVENUE, KANSAS CITY, MO 64138",-94.5104557206,38.9243896656,"11002 CAMBRIDGE AVE, KANSAS CITY, MO 64134",http://maps.jacksongov.org/PropertyReport/propertyReport.cfm?pid=64-110-03-18-00-0-00-000,data/PDFs/2013/KC 4of 5- ocr.pdf,55
"August 28, 2014",K2013-03542,RUSKIN HEIGHTS LOT 21 BLK 4 ,64-140-07-09-00-0-00-000,"WORLD OF V w INC, 16 EAST 79 STREET, KANSAS CITY, MO 64114",-94.5065328672,38.9204236220,"7201 E 112TH ST, KANSAS CITY, MO 64134",http://maps.jacksongov.org/PropertyReport/propertyReport.cfm?pid=64-140-07-09-00-0-00-000,data/PDFs/2013/KC 4of 5- ocr.pdf,56
Could not process page 57
August 281 2014,K2013-03552,HANSON PARK ADD PT OF LOT 1 DAF BEG AT NE COR OF SD LOT W ALG N LI 110.55' TH SELY 99.78' TO APT ON S LI OF SD LOT TH ELYALG SD S LI 110.64' TO SECOR THOF TH NWLY ALG ELY LI OF SD LOT 1100' TO POB ,64-240-02-01-00-0-00-000,"SUNSHINE PROPERTIES LLC, 344 NW CAPITAL DRIVE, LEES SUMMIT, MO 64086",-94.5239664046,38.9233530923,"11100 HICKMAN MILLS DR, KANSAS CITY, MO 64137",http://maps.jacksongov.org/PropertyReport/propertyReport.cfm?pid=64-240-02-01-00-0-00-000,data/PDFs/2013/KC 4of 5- ocr.pdf,58
Could not process page 59
"August 28, 2014",K2013-03570,GREENFIELD VILLAGE BLK 13 LOT 0004 ,64-732-02-76-00-0-00-000,"CAROLYN PERRYMAN, 19624 EDDINGTON DRIVE, CARSON, CA 90746",,,,http://maps.jacksongov.org/PropertyReport/propertyReport.cfm?pid=64-732-02-76-00-0-00-000,data/PDFs/2013/KC 4of 5- ocr.pdf,60
"August 28, 2014",K2013-03592,RED BRIDGE---PT OF LOT 3 BLK 13 DAF: BEG AT SE COR SD LOT TH N 86 DEG 27 MIN 44 SEC W 150.78' TO SW COR SD LOT TH N 00 DEG 06 MIN 30 SEC W 43.92' ALG W LI SD LOT TH S 86 DEG 27 MIN 44 SEC E 163.21' TO ELI SD LOT TH SLY ALG CUR TO RI RAD 345' DIST 21.3' TH S 16 DEG 42 MIN 30 SEC W 23.59' TO POB ,65-520-02-26-02-0-00-000,"JOSHUA KIRK, 1904 MAIN STREET #!C, KANSAS CITY, MO 64108",-94.5891090889,38.9182576023,"11508 OAK ST, KANSAS CITY, MO 64114",http://maps.jacksongov.org/PropertyReport/propertyReport.cfm?pid=65-520-02-26-02-0-00-000,data/PDFs/2013/KC 4of 5- ocr.pdf,61
"August 28, 2014",K2013-03616,RESURVEY OF LOTS ,24-46 BLK 16 & LOTS 1-18 BLK 17 RIVER OAKS 4TH PLAT ALL OF LOT 78 BLK 16 (KNOWN AS TR B ON CERT SUR S-2 PG- 77) 6 7-640-07- 78-00-0-00-000,"JESSE R SAXTON JR, 10901 BALES, KANSAS CITY, MO 64137",,,,http://maps.jacksongov.org/PropertyReport/propertyReport.cfm?pid=24-46 BLK 16 & LOTS 1-18 BLK 17 RIVER OAKS 4TH PLAT ALL OF LOT 78 BLK 16 (KNOWN AS TR B ON CERT SUR S-2 PG- 77) 6 7-640-07- 78-00-0-00-000,data/PDFs/2013/KC 4of 5- ocr.pdf,62
"August 28, 2014",K2013-03620, BELVIDERE HEIGHTS ADD LOT 19 BLK 4 6 7-720-08-24-00-0-00-000 ,,,,,,,data/PDFs/2013/KC 4of 5- ocr.pdf,63
"August 28, 2014",K2013-13042,RESURVEY OF ROSE HEIGHTS LOT 1 ,31-420-12-29-00-0-00-000,"ANN M WINSTON, 11701 BRISTOL TERRACE, KANSAS CITY, MO 64134",-94.5498220898,39.0457284268,"4414 AGNES AVE, KANSAS CITY, MO 64130",http://maps.jacksongov.org/PropertyReport/propertyReport.cfm?pid=31-420-12-29-00-0-00-000,data/PDFs/2013/KC 4of 5- ocr.pdf,64
"August 28, 2014",K2013-13043,CENTRAL PARK W 26.5' OF E 53' OF S 45.5' OF LOT 11 & W 26.5' OF E 53' OF LOT 12 BLK 5 ,28-430-41-25-00-0-00-000,"M & S INVESTORS LLC, 714 SW 34TH STREET, LEES SUMMIT, MO 64082",-94.5503796470,39.0772007786,"2718 E 27TH ST, KANSAS CITY, MO 64127",http://maps.jacksongov.org/PropertyReport/propertyReport.cfm?pid=28-430-41-25-00-0-00-000,data/PDFs/2013/KC 4of 5- ocr.pdf,65
"August 28, 2014",K2011-01364,EMERYS T J ADD (CONT OF) S 120' OF LOT E ,28-340-03-09-00-0-00-000,"PRINCE OTTIS BDDI, INC., 6143 WEST 120TH STREET #98, OVERLAND PARK, KS 66209",-94.5368347792,39.0980970707,"3807 E 12TH ST, KANSAS CITY, MO 64127",http://maps.jacksongov.org/PropertyReport/propertyReport.cfm?pid=28-340-03-09-00-0-00-000,data/PDFs/2013/KC 4of 5- ocr.pdf,66
"August 30, 2014",K2011-01605,GATES & WYATI'S ADD S 17' OF LOT 7 & N 16 1/2' OF LOT 8 ,28-530-11-32-00-0-00-000,"FIREHOUSE FOUR LLC, 1718 BROOKLYN AVENUE, KANSAS CITY, MO 64127",-94.5320665546,39.0812749505,"2424 KENSINGTON AVE, KANSAS CITY, MO 64127",http://maps.jacksongov.org/PropertyReport/propertyReport.cfm?pid=28-530-11-32-00-0-00-000,data/PDFs/2013/KC 4of 5- ocr.pdf,67
"August 29, 2014",K2011-01857,MC GEORGE PLACE BLK 3 ALL (EX N 4' OF E 120') OF LOT 11. ,28-930-14-24-00-0-00-000,"M & s INVESTORS LLC, 714 SW 34TH STREET, LEES SUMMIT, MO 64082",-94.5498801985,39.0667442832,"3228 S BENTON AVE, KANSAS CITY, MO 64128",http://maps.jacksongov.org/PropertyReport/propertyReport.cfm?pid=28-930-14-24-00-0-00-000,data/PDFs/2013/KC 4of 5- ocr.pdf,68
"August 29, 2014",K2011-02954,IVORY MILLER HEIGHTS S 37.5 FT LOT 6 ,31-910-14-20-00-0-00-000,"WILLIAM L ROBERTS JR, 3232 KENSINGTON, KANSAS CITY, MO 64128",-94.5379505682,39.0305412919,"5222 NORTON AVE, KANSAS CITY, MO 64130",http://maps.jacksongov.org/PropertyReport/propertyReport.cfm?pid=31-910-14-20-00-0-00-000,data/PDFs/2013/KC 4of 5- ocr.pdf,69
"August 28, 2014",K2011-03339, MARLBOROUGH HEIGHTS LOT 427 4 7-720- 10-20-00-0-00-000 ,,,,,,,data/PDFs/2013/KC 4of 5- ocr.pdf,70
"August 28, 2014",K2011-03557,SOUTH VIEW MANOR LOT 20 BLK 4 ,63-430-04-20-00-0-00-000,"SUNSHINE PROPERTIES LLC, 344 NW CAPITAL ORIVE, LEES SUMMIT, MO 64086",,,,http://maps.jacksongov.org/PropertyReport/propertyReport.cfm?pid=63-430-04-20-00-0-00-000,data/PDFs/2013/KC 4of 5- ocr.pdf,71
"August 28, 2014",K2011-13003, WALNUT GROVE LOT 28 BLK 2 ,28-420-15-21-00-0-00-000,,-94.5435042191,39.0890573242,"3318 E 19TH TER, KANSAS CITY, MO 64127",http://maps.jacksongov.org/PropertyReport/propertyReport.cfm?pid=28-420-15-21-00-0-00-000,data/PDFs/2013/KC 4of 5- ocr.pdf,72
"August 28, 2014",K2011-13032, KEMPER HEIGHTS RES OF LOT97 ,30-610-18-03-00-0-00-000,,-94.5561534921,39.0444622058,"4505 OLIVE ST, KANSAS CITY, MO 64130",http://maps.jacksongov.org/PropertyReport/propertyReport.cfm?pid=30-610-18-03-00-0-00-000,data/PDFs/2013/KC 4of 5- ocr.pdf,73
"August 28, 2014",K2011-13038, LINWOOD LAWN PT OF LOTS 1 & 2 DAF: BEG AT A PT IN N LI LOT 2 60' W OF NE COR OF SD LOT 2 TH E ALG N LI SD LOT 2 & N LI LOT 1 63' TO A PT IN N LI OF LOT 1 3' E OF NW COR LOT 1 TH S PARLE LI LOT 1 86' TO A PT TH W 15' TH S 29' TH W 23' TH S 19' TO S LI LOT 2 TH W 25' TH N 134' TO BEG ,28-930-16-02-00-0-00-000,,-94.5522011471,39.0677874522,"2617 E LINWOOD BLVD, KANSAS CITY, MO 64128",http://maps.jacksongov.org/PropertyReport/propertyReport.cfm?pid=28-930-16-02-00-0-00-000,data/PDFs/2013/KC 4of 5- ocr.pdf,74
"August 28, 2014",K2012-01051,CLIFTON HEIGHTS LOTS 37 & 38 BLK 16 ,13-810-29-05-00-0-00-000,"SHAWN JACKSON, 11104 EAST 74TH STREET, RAYTOWN, MO 64133",-94.5148339879,39.1133123175,"127 N LAWNDALE AVE, KANSAS CITY, MO 64123",http://maps.jacksongov.org/PropertyReport/propertyReport.cfm?pid=13-810-29-05-00-0-00-000,data/PDFs/2013/KC 4of 5- ocr.pdf,75
"August 28, 2014",K2012-01052,CLIFTON HEIGHTS N 12.5 FT LOT 31 ALL LOT 32 BLK 16 ,13-810-29-09-00-0-00-000,"HERMENEGILDO ALBOR ANO, CRISTINA PEREZ 2453 DENVER AVENUE, KANSAS CITY, MO 64127",-94.5148563560,39.1129351044,"115 N LAWNDALE AVE, KANSAS CITY, MO 64123",http://maps.jacksongov.org/PropertyReport/propertyReport.cfm?pid=13-810-29-09-00-0-00-000,data/PDFs/2013/KC 4of 5- ocr.pdf,76
"August 28, 2014",K2012-01168,FAIRVIEW ADD E 26.5' LOT 49 & LOT 50 ,28-120-ll-08-00-0-00-000,"JUAN C LOPEZ, 2417 S VERMONT AVENUE, INDEPENDENCE, MO 64052",,,,http://maps.jacksongov.org/PropertyReport/propertyReport.cfm?pid=28-120-ll-08-00-0-00-000,data/PDFs/2013/KC 4of 5- ocr.pdf,77
"August 28, 2014",K2012-01451,CARLAT PLACE LOT 14 & E 21' LOT 15 ,28-440-32-38-00-0-00-000,"FIREHOUSE FOUR LLC, 1718 BROOKLYN AVENUE, KANSAS CITY, MO 64127",-94.5389160384,39.0768528039,"3724 E 27TH ST, KANSAS CITY, MO 64127",http://maps.jacksongov.org/PropertyReport/propertyReport.cfm?pid=28-440-32-38-00-0-00-000,data/PDFs/2013/KC 4of 5- ocr.pdf,78
"August 28, 2014",K2012-01553,HIGHVIEW N 33 1/3' OF W 140' OF LOT 30 ,28-540-09-41-00-0-00-000,"SHARIF DUREN, 3762 WAYNE AVENUE, KANSAS CITY, MO 64109",-94.5239111459,39.0791364003,"2512 QUINCY AVE, KANSAS CITY, MO 64127",http://maps.jacksongov.org/PropertyReport/propertyReport.cfm?pid=28-540-09-41-00-0-00-000,data/PDFs/2013/KC 4of 5- ocr.pdf,79
"August 28, 2014",K2012-01560,HIGHVIEW W 140' OF S 1/2 OF LOT 11 ,28-540-11-26-00-0-00-000,"PROPKEY INVESTMENTS LLC, 1500 NE BRONZE DRIVE, LEES SUMMIT, MO 64086",-94.5220997107,39.0791724631,"2511 DENVER AVE, KANSAS CITY, MO 64127",http://maps.jacksongov.org/PropertyReport/propertyReport.cfm?pid=28-540-11-26-00-0-00-000,data/PDFs/2013/KC 4of 5- ocr.pdf,80
"August 29, 2014",K2012-01600,HOLMES NANNIE TRACT RES ALL LOTS 82 THRU 85 INCL ,28-810-07-07-00-0-00-000,"ASTUDILLO EUGENIO, 329 NORTH HARDESTY, KANSAS CITY, MO 64123",-94.5247451885,39.0736190150,"2825 RAYTOWN RD, KANSAS CITY, MO 64128",http://maps.jacksongov.org/PropertyReport/propertyReport.cfm?pid=28-810-07-07-00-0-00-000,data/PDFs/2013/KC 4of 5- ocr.pdf,81
August 281 2014,K2012-01636,COBBS ADD LOT 15 ,28-820-05-19-00-0-00-000,"JAROD JAMISON, 2101 LINWOOD BLVD # OFFICE, KANSAS CITY, MO 64109",-94.5291616403,39.0741616539,"2805 ELMWOOD AVE, KANSAS CITY, MO 64128",http://maps.jacksongov.org/PropertyReport/propertyReport.cfm?pid=28-820-05-19-00-0-00-000,data/PDFs/2013/KC 4of 5- ocr.pdf,82
"August 30, 2014",K2012-01712,SANTA FE PLACE E 36 2/3 FT OF LOT 14 BLK 9 ,28-920-05-39-00-0-00-000,"JOSHUA ROBINSON, 7000 W 132ND STREET, GRANDVIEW, MO 64030",-94.5462312766,39.0750018173,"2960 E 28TH ST, KANSAS CITY, MO 64128",http://maps.jacksongov.org/PropertyReport/propertyReport.cfm?pid=28-920-05-39-00-0-00-000,data/PDFs/2013/KC 4of 5- ocr.pdf,83
"August 28, 2014",K2012-01733,HOLLYWOOD LOT 14 (EX PT IN BENTON BLVD) & W 1/2 VAC ALLEY LYE & ADJ ,28-930-03-07-00-0-00-000,"TENESIA SANDERS, PO BOX 1131, INDEPENDENCE, MO 64051",-94.5490733187,39.0684826642,"3133 BENTON BLVD, KANSAS CITY, MO 64128",http://maps.jacksongov.org/PropertyReport/propertyReport.cfm?pid=28-930-03-07-00-0-00-000,data/PDFs/2013/KC 4of 5- ocr.pdf,84
August 281 2014,K2012-01736,EAST LINWOOD N 38 Ff OF LOT 15 BLK 6 ,28-930-10-11-00-0-00-000,"PROPKEY INVESTMENTS LLC, 1500 NE BRONZE DRIVE, LEES SUMMIT, MO 64086",-94.5457455104,39.0662675403,"3243 BENTON BLVD, KANSAS CITY, MO 64128",http://maps.jacksongov.org/PropertyReport/propertyReport.cfm?pid=28-930-10-11-00-0-00-000,data/PDFs/2013/KC 4of 5- ocr.pdf,85
"August 28, 2014",K2012-01813,PARISH PARK AMENDED PLAT LOTS 4 & 5 BLK 1 LOT 5 BLK 1 ,28-940-03-21-00-0-00-000,"CRV LLC, 1100 SOUTH 130TH, BONNER SPRINGS, KS 66012",-94.5377181302,39.0691170960,"3905 E 31ST ST, KANSAS CITY, MO 64128",http://maps.jacksongov.org/PropertyReport/propertyReport.cfm?pid=28-940-03-21-00-0-00-000,data/PDFs/2013/KC 4of 5- ocr.pdf,86
"August 28, 2014",K2012-01929,SEITZ SUB---N 11' LOT 26 & S  15' LOT 27 & N  10' OF E 111' LOT 27 & E 111' LOT 28 BLK E ,29-620-31-26-00-0-00-000,"CHARLES FRANCIS CARLISLE, 3611 JEFFERSON, KANSAS CITY, MO 64111",-94.5694795115,39.0870465802,"2104 FOREST AVE, KANSAS CITY, MO 64108",http://maps.jacksongov.org/PropertyReport/propertyReport.cfm?pid=29-620-31-26-00-0-00-000,data/PDFs/2013/KC 4of 5- ocr.pdf,87
"August 30, 2014",K2012-02177,SOUTH WINDSOR S 1/2 OF LOT 94 ,29-740-27-11-00-0-00-000,"PROPKEY INVESTMENTS LLC, 1500 NE BRONZE DRIVE, LEES SUMMIT, MO 64086",-94.5597561246,39.0638923737,"3421 EUCLID AVE, KANSAS CITY, MO 64109",http://maps.jacksongov.org/PropertyReport/propertyReport.cfm?pid=29-740-27-11-00-0-00-000,data/PDFs/2013/KC 4of 5- ocr.pdf,88
"August 30, 2014",K2012-02399,RICHWOOD RESURVEY W 47.5' OF LOTS 77-78 & 79 ,30-610- 14-03-00-0-00-000,"FIREHOUSE FOUR LLC, 1718 BROOKLYN AVENUE, KANSAS CITY, MO 64127",,,,http://maps.jacksongov.org/PropertyReport/propertyReport.cfm?pid=30-610- 14-03-00-0-00-000,data/PDFs/2013/KC 4of 5- ocr.pdf,89
"August 30, 2014",K2012-02603,WAY'S ADD W 25' LOTS 14 & 15 & E  25' OF W 65' LOT 16 ,31-120-06-12-00-0-00-000,"JENNIFER GILKISON, 2804 NORTH TWYMAN ROAD, INDEPENDENCE, MO 64058",-94.5151233429,39.0603633405,"5900 E 35TH TER, KANSAS CITY, MO 64129",http://maps.jacksongov.org/PropertyReport/propertyReport.cfm?pid=31-120-06-12-00-0-00-000,data/PDFs/2013/KC 4of 5- ocr.pdf,90
"August 30, 2014",K2012-02894,DOLMOR LOT 40 & W  1/2 VAC ALLEY E &  ADJ ,31-420-26-07-00-0-00-000,"CORAZON OCHANDA, 6608 PARK STREET, SHAWNEE, KS 66216",-94.5507904140,39.0420592053,"4617 S BENTON AVE, KANSAS CITY, MO 64130",http://maps.jacksongov.org/PropertyReport/propertyReport.cfm?pid=31-420-26-07-00-0-00-000,data/PDFs/2013/KC 4of 5- ocr.pdf,91
"August 29, 2014",K2012-03041,WALNUT PARK LOTS 13 & 14 ,31-930-32-05-00-0-00-000,"R scon INVESTMENTS LLC, PO BOX 673, GRANDVIEW, MO 64030",-94.5473505408,39.0192714972,"3300 E 59TH ST, KANSAS CITY, MO 64130",http://maps.jacksongov.org/PropertyReport/propertyReport.cfm?pid=31-930-32-05-00-0-00-000,data/PDFs/2013/KC 4of 5- ocr.pdf,92
"August 28, 2014",K2012-03155,SWOPE PARK SUMMIT N 40.41' OF W 150' LOT 1 ,46-310-07-14-00-0-00-000,"PROPKEY INVESTMENTS LLC, 1500 NE BRONZE DRIVE, LEES SUMMIT, MO 64086",-94.5415357935,39.0147916406,"6101 SWOPE PKWY, KANSAS CITY, MO ",http://maps.jacksongov.org/PropertyReport/propertyReport.cfm?pid=46-310-07-14-00-0-00-000,data/PDFs/2013/KC 4of 5- ocr.pdf,93
"August 28, 2014",K2012-03247,SWOPE RIDGE LOTS 166 & 167 ,46-420-30-02-00-0-00-000,"FRANCISCO E CALDERON LOPEZ, 1558 E 108TH STREET, LOS ANGELES, CA 90059",-94.5506710734,38.9994036312,"7003 BELLEFONTAINE AVE, KANSAS CITY, MO 64132",http://maps.jacksongov.org/PropertyReport/propertyReport.cfm?pid=46-420-30-02-00-0-00-000,data/PDFs/2013/KC 4of 5- ocr.pdf,94
"August 28, 2014",K2012-03414, PROSPECT FIELDS LOT 13 4 7-640-11-24-00-0-00-000 ,,,,,,,data/PDFs/2013/KC 4of 5- ocr.pdf,95
"August 28, 2014",K2012-03446,MARLBOROUGH HIGHLANDS LOT 12 ,47-730-35-13-00-0-00-000,"SHAWN C NEWBINS, 8316 HIGHLAND AVENUE, KANSAS CITY, MO 64131",-94.5675309326,38.9774831147,"8246 PASEO, KANSAS CITY, MO 64131",http://maps.jacksongov.org/PropertyReport/propertyReport.cfm?pid=47-730-35-13-00-0-00-000,data/PDFs/2013/KC 4of 5- ocr.pdf,96
"August 29, 2014",K2012-03450, MARLBOROUGH HILL LOT 147 4 7-740-02-06-00-0-00-000 ,,,,,,,data/PDFs/2013/KC 4of 5- ocr.pdf,97
"August 28, 2014",K2012-03514,CRESTHJLL ACRES S 63' OF LOT 123 ,48-320-08-09-00-0-00-000,"WESTERN REAL ESTATE INVESTMENTS, 2001 EAST PRAIRIE CIRCLE #A, OLATHE, KS 66062",-94.6051432486,38.9750761145,"8423 MERCIER ST, KANSAS CITY, MO 64114",http://maps.jacksongov.org/PropertyReport/propertyReport.cfm?pid=48-320-08-09-00-0-00-000,data/PDFs/2013/KC 4of 5- ocr.pdf,98
"August 29, 2014",K2012-03521,LOMA VISTA RES OF LOTS 119-120 & 151-154 INCL LOT 181 ,49-110-04-26-00-0-00-000,"WESTERN REAL ESTATE INVESTMENTS, 2001 EAST PRAIRIE CIRCLE #A, OLATHE, KS 66062",-94.5025144601,38.9700776520,"7306 E 85TH TER, KANSAS CITY, MO 64138",http://maps.jacksongov.org/PropertyReport/propertyReport.cfm?pid=49-110-04-26-00-0-00-000,data/PDFs/2013/KC 4of 5- ocr.pdf,99
August 281 2014,K2012-03620,KIRKTOWN LOT6TR 14 ,63-422-14-06-00-0-00-000,"REVITE LLC, 47 EAST 32ND STREET, KANSAS CHY, MO 64111",-94.5032363229,38.9143134389,"11515 RICHMOND AVE, KANSAS CITY, MO 64134",http://maps.jacksongov.org/PropertyReport/propertyReport.cfm?pid=63-422-14-06-00-0-00-000,data/PDFs/2013/KC 4of 5- ocr.pdf,100
