Date Sold,Parcel Number,Legal Description,APN,Owner Name Address,longitude,latitude,Situs Address,URL,Source,Page No.
Could not process page 1
Could not process page 2
"August 25, 2014",K2013-01014,LORENE PLACE LOT 3 & W 1/2 OF LOT 4 ,13-430-13-04-00-0-00-000,"CONRAD AMIROF AND, MONA AMIROF 4545 WORNALL ROAD UNIT 709, KANSAS CITY, MO 64111",-94.5457668577,39.1244503315,"2904 NICHOLSON AVE, KANSAS CITY, MO 64120",http://maps.jacksongov.org/PropertyReport/propertyReport.cfm?pid=13-430-13-04-00-0-00-000,data/PDFs/2013/KC 1 of 5- ocr.pdf,3
Could not process page 4
"August 25, 2014",K2013-01016,LORENE PLACE LOT6 ,13-430-13-06-00-0-00-000,"CONRAD AMIROF AND, MONA AMIROF 4545 WORNALL ROAD UNIT 709, KANSAS CITY, MO 64111",-94.5455225899,39.1244421901,"2910 NICHOLSON AVE, KANSAS CITY, MO 64120",http://maps.jacksongov.org/PropertyReport/propertyReport.cfm?pid=13-430-13-06-00-0-00-000,data/PDFs/2013/KC 1 of 5- ocr.pdf,5
"August 25, 2014",K2013-01020,BULLENE MOORE'S & EMERY'S ADD LOT 36 BLK 1 ,13-430-21-15-00-0-00-000,"JAMIE JEFFRIES, 1715 BELLEVIEW, KANSAS cm, MO 64108",-94.5505239429,39.1218160447,"728 N PROSPECT AVE, KANSAS CITY, MO 64124",http://maps.jacksongov.org/PropertyReport/propertyReport.cfm?pid=13-430-21-15-00-0-00-000,data/PDFs/2013/KC 1 of 5- ocr.pdf,6
"August 25, 2014",K2013-01026,DELMONICO PLACE VAC ALLEY E OF & ADJ & S  29' LOT 9 &  VAC ALLEY E &  ADJ & N  4' LOT 10 ,13-720-22-10-00-0-00-000,"JAMES B WILLIAMS, 105 W 39TH STREET, #403 KANSAS CITY, MO 64111",-94.5113506252,39.1131758138,"125 N WHITE AVE, KANSAS CITY, MO 64123",http://maps.jacksongov.org/PropertyReport/propertyReport.cfm?pid=13-720-22-10-00-0-00-000,data/PDFs/2013/KC 1 of 5- ocr.pdf,7
"August 25, 2014",K2013-01051,ABINGTON PARK CORR PLAT S 5.66' OF LOT 60 & N  24.66' OF LOT 61 ,13-830-07-16-00-0-00-000,"JOAQUIN FIERRO NUNEZ, 2738 HOLLY STREET, KANSAS CITY, MO 64108",-94.5312482843,39.1113859668,"139 SPRUCE AVE, KANSAS CITY, MO 64123",http://maps.jacksongov.org/PropertyReport/propertyReport.cfm?pid=13-830-07-16-00-0-00-000,data/PDFs/2013/KC 1 of 5- ocr.pdf,8
"August 28, 2014",K2013-01052,ABINGTON PARK CORRECTED PLAT N 40 LOT 129 ,13-830-11-28-00-0-00-000,"RODOLFO GARCIA, 2803 E 6TH STREET, KANSAS CITY, MO 64124",-94.5296663643,39.1103268996,"314 CYPRESS AVE, KANSAS CITY, MO 64124",http://maps.jacksongov.org/PropertyReport/propertyReport.cfm?pid=13-830-11-28-00-0-00-000,data/PDFs/2013/KC 1 of 5- ocr.pdf,9
"August 25, 2014",K2013-01062,WINNINGHAM PARK N 12' OF LOT 28 & S 18' OF LOT 29 BLK 1 ,13-840-03-19-00-0-00-000,"JESUS ANTONIO GUTIERREZ, 1414 HARDESTY AVENUE, KANSAS CITY, MO 64127",-94.5172998526,39.1109805657,"141 DRURY AVE, KANSAS CITY, MO 64123",http://maps.jacksongov.org/PropertyReport/propertyReport.cfm?pid=13-840-03-19-00-0-00-000,data/PDFs/2013/KC 1 of 5- ocr.pdf,10
"August 25, 2014",K2013-01063,GASH'S ADD SUB OF LOTS 18 TO 21 & 23 & 24 OAKLEY LOT 13 ,13-840-10-23-00-0-00-000,"LOUIS SANTANA, 3627 WOODLAND, KANSAS CITY, MO 64109",-94.5180322571,39.1094689473,"330 DRURY AVE, KANSAS CITY, MO 64123",http://maps.jacksongov.org/PropertyReport/propertyReport.cfm?pid=13-840-10-23-00-0-00-000,data/PDFs/2013/KC 1 of 5- ocr.pdf,11
"August 25, 2014",K2013-01065,WINRAM PARK LOT 17 ,13-840-12-24-00-0-00-000,"JAROD JAMISON, 2101 LINWOOD BLVD # OFFICE, KANSAS CITY, MO 64109",-94.5157153999,39.1090260271,"346 LAWNDALE AVE, KANSAS CITY, MO 64123",http://maps.jacksongov.org/PropertyReport/propertyReport.cfm?pid=13-840-12-24-00-0-00-000,data/PDFs/2013/KC 1 of 5- ocr.pdf,12
"August 25, 2014",K2013-01066, MAPLEWOOD ALL OF LOT 34 & S 3  FT OF LOT 35 BLK 1 ,13-840-14-08-00-0-00-000,,-94.5151454716,39.1080426918,"417 LAWNDALE AVE, KANSAS CITY, MO 64123",http://maps.jacksongov.org/PropertyReport/propertyReport.cfm?pid=13-840-14-08-00-0-00-000,data/PDFs/2013/KC 1 of 5- ocr.pdf,13
"August 25, 2014",K2013-01069, LA VETA PLACE E 31' OF W 66' LOT 1 BLK 2 ,13-840-19-03-00-0-00-000,,-94.5204751956,39.1087702608,"5217 SMART AVE, KANSAS CITY, MO 64124",http://maps.jacksongov.org/PropertyReport/propertyReport.cfm?pid=13-840-19-03-00-0-00-000,data/PDFs/2013/KC 1 of 5- ocr.pdf,14
Could not process page 15
"August 25, 2014",K2013-01072,GASH'S ADD S 16 2/3' OF N 33 1/3' OF LOT 1 ,13-840-30-23-01-0-00-000,"NYIBOL AROL, 5625 EAST 16 STREET, KANSAS CITY, MO 64127",-94.5168776560,39.1094359318,"330 OAKLEY AVE, KANSAS CITY, MO 64123",http://maps.jacksongov.org/PropertyReport/propertyReport.cfm?pid=13-840-30-23-01-0-00-000,data/PDFs/2013/KC 1 of 5- ocr.pdf,16
"August 25, 2014",K2013-01078,RAYS HILL BEG 72.8' W OF NE COR LOT 30 TH W ALG N LI OF SD LOT 36.4' TH S 120' TH E 36.29' TH N 120' TO BEG (PT LTS 30 31 & 32) ,13-910-20-03-00-0-00-000,"OLA INVESTMENTS LLC, 4734 BELLEVIEW AVENUE, KANSAS CITY, MO 64112",-94.5377017326,39.1138332862,"3621 WINDSOR AVE, KANSAS CITY, MO 64123",http://maps.jacksongov.org/PropertyReport/propertyReport.cfm?pid=13-910-20-03-00-0-00-000,data/PDFs/2013/KC 1 of 5- ocr.pdf,17
"August 25, 2014",K2013-01079,WILSON MINNIE G PLACE N 145' OF LOT 20 & S 1/2 VAC ALLEYN OF & ADJ ,13-910-20-10-00-0-00-000,"REVITE LLC, 47 EAST 32ND STREET, KANSAS CITY, MO 64111",-94.5385371528,39.1134435243,"3600 SAINT JOHN AVE, KANSAS CITY, MO 64123",http://maps.jacksongov.org/PropertyReport/propertyReport.cfm?pid=13-910-20-10-00-0-00-000,data/PDFs/2013/KC 1 of 5- ocr.pdf,18
"August 25, 2014",K2013-01082,GRANDY'S ADD AMENDED PLAT OF E 35' OF LOTS 14 & 15 ,13-930-26-08-00-0-00-000,"REVITE INVESTMENT LLC, 47 EAST 32ND STREET, KANSAS CITY, MO 64111",-94.5502687245,39.1090355379,"2607 ELMA ST, KANSAS CITY, MO 64124",http://maps.jacksongov.org/PropertyReport/propertyReport.cfm?pid=13-930-26-08-00-0-00-000,data/PDFs/2013/KC 1 of 5- ocr.pdf,19
"August 25, 2014",K2013-01084,RHODES & CRAIGS ADD E 30' OF W 60' OF N 1/2 OF LOT 4 ,13-940-01-12-00-0-00-000,"HOANG DUC BUI, 1809 PENDELTON AVENUE, APARTMENT 1 KANSAS CITY, MO 64124",-94.5343934172,39.1127176507,"3959 SAINT JOHN AVE, KANSAS CITY, MO 64123",http://maps.jacksongov.org/PropertyReport/propertyReport.cfm?pid=13-940-01-12-00-0-00-000,data/PDFs/2013/KC 1 of 5- ocr.pdf,20
"August 25, 2014",K2013-01086, CHAUTAUQUA PLACE N 33' OF S 66.3' LOTS 8-9-10 & 11 BLK 4 !3-940-07-11-00-0-00-000 ,,,,,,,data/PDFs/2013/KC 1 of 5- ocr.pdf,21
"August 25, 2014",K2013-01089,ORCHARE HILL LOT 126 ,13-940-12-32-00-0-00-000,"LAYN MARTINEZ MERINO, 4030 NORTH WHEELING AVENUE, KANSAS CITY, MO 64117",-94.5371375108,39.1101934733,"333 MONROE AVE, KANSAS CITY, MO 64124",http://maps.jacksongov.org/PropertyReport/propertyReport.cfm?pid=13-940-12-32-00-0-00-000,data/PDFs/2013/KC 1 of 5- ocr.pdf,22
"August 25, 2014",K2013-01090,CHAUTAUQUA PLACE LOT 28 W 15' LOT 29 BLK 8 ,13-940-16-24-00-0-00-000,"VIRGINIA REYNAGA, 10321 16TH STREET, GARDEN GROVE, CA 92843",-94.5411587759,39.1098689342,"3418 SMART AVE, KANSAS CITY, MO 64124",http://maps.jacksongov.org/PropertyReport/propertyReport.cfm?pid=13-940-16-24-00-0-00-000,data/PDFs/2013/KC 1 of 5- ocr.pdf,23
Could not process page 24
August 251 2014,K2013-01099,IRVING PARK N 32' OF W 41.5' OF LOT 33 & N  32' OF LOTS 34 & 35 ,13-940-2 7-25-00-0-00-000,"GUADALUPE CERVANTES, 1414 HARDESTY AVENUE, KANSAS CITY, MO 64127",,,,http://maps.jacksongov.org/PropertyReport/propertyReport.cfm?pid=13-940-2 7-25-00-0-00-000,data/PDFs/2013/KC 1 of 5- ocr.pdf,25
"August 25, 2014",K2013-01100,BETHESDA PLACE #2 S 16.66' OF LOT 65 & A LL LOT 66 ,13-940-29-07-00-0-00-000,"ANGELICA REYES, 2411 SOUTH GLENWOOD, INDEPENDENCE, MO 64052",-94.5349272267,39.1079291086,"435 MYRTLE AVE, KANSAS CITY, MO 64124",http://maps.jacksongov.org/PropertyReport/propertyReport.cfm?pid=13-940-29-07-00-0-00-000,data/PDFs/2013/KC 1 of 5- ocr.pdf,26
"August 25, 2014",K2013-01101,PATTS 4TH ADD LOT 13 ,13-940-31-28-00-0-00-000,"MARIA REYNAGA, 10391 ORREY PLACE, GARDEN GROVE, CA 92843",-94.5345225554,39.1063692368,"528 NORTON AVE, KANSAS CITY, MO 64124",http://maps.jacksongov.org/PropertyReport/propertyReport.cfm?pid=13-940-31-28-00-0-00-000,data/PDFs/2013/KC 1 of 5- ocr.pdf,27
"August 25, 2014",K2013-01108,WASHINGTON LOT 31 BLK 7 ,14-930-ll-12-00-0-00-000,"LAURA MARTINEZ, 7308 LINWOOD BOULEVARD, KANSAS CITY, MO 64129",,,,http://maps.jacksongov.org/PropertyReport/propertyReport.cfm?pid=14-930-ll-12-00-0-00-000,data/PDFs/2013/KC 1 of 5- ocr.pdf,28
"August 25, 2014",K2013-01112,WASHINGTON LOT 27 BLK 9 ,14-940-13-16-00-0-00-000,"RODOLFO GARCIA, 2803 E 6TH STREET, KANSAS CITY, MO 64124",-94.4851641113,39.1081046807,"435 MARSH AVE, KANSAS CITY, MO 64125",http://maps.jacksongov.org/PropertyReport/propertyReport.cfm?pid=14-940-13-16-00-0-00-000,data/PDFs/2013/KC 1 of 5- ocr.pdf,29
"August 28, 2014",K2013-01114,ATHOL LOT 231 ,14-940-21-12-00-0-00-000,"PORTALFER ENTERPRISE LLC, 5228 SAIDA AVENUE, KANSAS CITY, MO 64123",-94.4818156045,39.1061550486,"8603 SMART AVE, KANSAS CITY, MO 64125",http://maps.jacksongov.org/PropertyReport/propertyReport.cfm?pid=14-940-21-12-00-0-00-000,data/PDFs/2013/KC 1 of 5- ocr.pdf,30
"August 25, 2014",K2013-01117,ATHOL LOT 249 ,14-940-21-23-00-0-00-000,"DONALD PHILLIPS, 8620 THOMPSON AVENUE, KANSAS CITY, MO 64125",-94.4807155883,39.1058196990,"8622 THOMPSON AVE, KANSAS CITY, MO 64125",http://maps.jacksongov.org/PropertyReport/propertyReport.cfm?pid=14-940-21-23-00-0-00-000,data/PDFs/2013/KC 1 of 5- ocr.pdf,31
Could not process page 32
"August 25, 2014",K2013-01120,ATHOL LOT 330 ,14-940-25-16-00-0-00-000,"NYIBOL AROL, 5625 EAST 16 STREET, KANSAS CITY, MO 64127",-94.4815793168,39.1040970323,"8608 INDEPENDENCE AVE, KANSAS CITY, MO 64125",http://maps.jacksongov.org/PropertyReport/propertyReport.cfm?pid=14-940-25-16-00-0-00-000,data/PDFs/2013/KC 1 of 5- ocr.pdf,33
"August 25, 2014",K2013-01121,WASHINGTON LOT 12 BLK 25 ,14-940-26-13-00-0-00-000,"JESUS PRADO BARRON, 1604 FREMONT AVENUE, KANSAS CITY, MO 64126",-94.4829811553,39.1041700746,"8504 INDEPENDENCE AVE, KANSAS CITY, MO 64125",http://maps.jacksongov.org/PropertyReport/propertyReport.cfm?pid=14-940-26-13-00-0-00-000,data/PDFs/2013/KC 1 of 5- ocr.pdf,34
"August 25, 2014",K2013-01122,WASHINGTON LOT 8 BLK 24 & N 1/2 VAC ALLEYS & ADJ ,14-940-27-18-00-0-00-000,"JUAN C LOPEZ, 2417 S VERMONT AVENUE, INDEPENDENCE, MO 64052",-94.4837019623,39.1045352269,"526 WALLACE AVE, KANSAS CITY, MO 64125",http://maps.jacksongov.org/PropertyReport/propertyReport.cfm?pid=14-940-27-18-00-0-00-000,data/PDFs/2013/KC 1 of 5- ocr.pdf,35
August 251 2014,K2013-01125, LEWIS PLACE LOTS 15 & 16 ,27-310-03-08-00-0-00-000,,-94.4804082243,39.1029928596,"645 DITMAN AVE, KANSAS CITY, MO 64125",http://maps.jacksongov.org/PropertyReport/propertyReport.cfm?pid=27-310-03-08-00-0-00-000,data/PDFs/2013/KC 1 of 5- ocr.pdf,36
"August 25, 2014",K2013-01126,LAMBERT GROVE LOT 43 ,27-310-03-46-00-0-00-000,"JAMES B WILLIAMS, 105 W 39TH STREET, #403 KANSAS CITY, MO 64111",-94.4799453269,39.1023265983,"718 LEWIS AVE, KANSAS CITY, MO 64125",http://maps.jacksongov.org/PropertyReport/propertyReport.cfm?pid=27-310-03-46-00-0-00-000,data/PDFs/2013/KC 1 of 5- ocr.pdf,37
"August 28, 2014",K2013-01142,BLUE SUMMIT RESURVEY LOTS 7 & 8 LOTS 284-286 LY IN KC ,27-410-15-14-00-0-00-000,"ANN M WINSTON, 11701 BRISTOL TERRACE, KANSAS CITY, MO 64134",-94.4872895002,39.0835889831,"2120 ASHLAND CT, KANSAS CITY, MO ",http://maps.jacksongov.org/PropertyReport/propertyReport.cfm?pid=27-410-15-14-00-0-00-000,data/PDFs/2013/KC 1 of 5- ocr.pdf,38
"August 25, 2014",K2013-01143, HOWARD'S C E  RES LOT 5 2 7-440-05- 16-00-0-00-000 ,,,,,,,data/PDFs/2013/KC 1 of 5- ocr.pdf,39
"August 25, 2014",K2013-01158, EAST RIDGEWAY LOT 5 BLK 10 ,28-110-11-30-00-0-00-000,,-94.5025867237,39.1016588973,"815 EWING AVE, KANSAS CITY, MO 64125",http://maps.jacksongov.org/PropertyReport/propertyReport.cfm?pid=28-110-11-30-00-0-00-000,data/PDFs/2013/KC 1 of 5- ocr.pdf,40
August 251 2014,K2013-01172,EAST NINTH ST ADD S 1/2 VAC ALLEYN OF & ADJ & ALLOF LOT 58 ,28-120-29-15-00-0-00-000,"MARBHELY GONZALEZ, 1312 MONROE, KANSAS CITY, MO 64127",-94.5107575307,39.0996190399,"6014 E 11TH ST, KANSAS CITY, MO 64126",http://maps.jacksongov.org/PropertyReport/propertyReport.cfm?pid=28-120-29-15-00-0-00-000,data/PDFs/2013/KC 1 of 5- ocr.pdf,41
"August 25, 2014",K2013-01175,DICKSON PARK W 12.5' OF N 134' LOT 73 & E 1/2 OF N 134' LOT 74 ,28-120-31-11-00-0-00-000,"IGNACIO GUERRA, 5833 EAST 11TH STREET, KANSAS CITY, MO 64126",-94.5131955739,39.0991704994,"5827 E 11TH ST, KANSAS CITY, MO 64126",http://maps.jacksongov.org/PropertyReport/propertyReport.cfm?pid=28-120-31-11-00-0-00-000,data/PDFs/2013/KC 1 of 5- ocr.pdf,42
Could not process page 43
"August 25, 2014",K2013-01190,BELMONT HEIGHTS RES OF BLK 6 S 25' LOT 28 & ALL LOT 33 ,28-130-05-19-00-0-00-000,"GIDEON VIVAS, 2335 OAKLEY AVENUE, KANSAS CITY, MO 64127",-94.5138171660,39.0963298678,"1232 BELLAIRE AVE, KANSAS CITY, MO 64126",http://maps.jacksongov.org/PropertyReport/propertyReport.cfm?pid=28-130-05-19-00-0-00-000,data/PDFs/2013/KC 1 of 5- ocr.pdf,44
"August 25, 2014",K2013-01193,ROLAND LOT 122 ,28-130-08-15-00-0-00-000,"YOLANDA ELIZARRARAZ, 357 EAST BELLE VISTA DRIVE, INDEPENDENCE, MO 64055",-94.5074919580,39.0963009984,"1225 FREMONT AVE, KANSAS CITY, MO 64126",http://maps.jacksongov.org/PropertyReport/propertyReport.cfm?pid=28-130-08-15-00-0-00-000,data/PDFs/2013/KC 1 of 5- ocr.pdf,45
"August 25, 2014",K2013-01194,ROLAND LOT 133 ,28-130-08-25-00-0-00-000,"SILVIA Y BARRAZA, E 125 STONEARCH DRIVE, INDEPENDENCE, MO 64052",-94.5065702690,39.0958648565,"6428 E 13TH ST, KANSAS CITY, MO 64126",http://maps.jacksongov.org/PropertyReport/propertyReport.cfm?pid=28-130-08-25-00-0-00-000,data/PDFs/2013/KC 1 of 5- ocr.pdf,46
"August 25, 2014",K2013-01195,ROLAND LOT 117 ,28-130-08-36-00-0-00-000,"MARBHELY GONZALEZ, 1312 MONROE, KANSAS CITY, MO 64127",-94.5068319293,39.0962565820,"6417 E 12TH TER, KANSAS CITY, MO 64126",http://maps.jacksongov.org/PropertyReport/propertyReport.cfm?pid=28-130-08-36-00-0-00-000,data/PDFs/2013/KC 1 of 5- ocr.pdf,47
"August 25, 2014",K2013-01198,AFTON LOT 39 ,28-130-l 7-06-00-0-00-000,"NANCY T CHAGOYA, 12862 WEST 88TH CIRCLE APT 13, LENEXA, KS 66215",,,,http://maps.jacksongov.org/PropertyReport/propertyReport.cfm?pid=28-130-l 7-06-00-0-00-000,data/PDFs/2013/KC 1 of 5- ocr.pdf,48
"August 25, 2014",K2013-01208,HIGHPOINT LOT 97 ,28-130-29-09-00-0-00-000,"MARBHELY GONZALEZ, 1312 MONROE, KANSAS CITY, MO 64127",-94.5143203514,39.0910163211,"5809 E 16TH TER, KANSAS CITY, MO 64126",http://maps.jacksongov.org/PropertyReport/propertyReport.cfm?pid=28-130-29-09-00-0-00-000,data/PDFs/2013/KC 1 of 5- ocr.pdf,49
"August 28, 2014",K2013-01214,CENTROPOLIS LOT 41 BLK 22 & S  1/2 VAC ALLEYN & ADJ ,28-140-06-28-00-0-00-000,"VANESSA FREEMAN, 3937 PASEO, KANSAS CITY, MO 64110",-94.5041483291,39.0957891182,"6626 E 13TH ST, KANSAS CITY, MO 64126",http://maps.jacksongov.org/PropertyReport/propertyReport.cfm?pid=28-140-06-28-00-0-00-000,data/PDFs/2013/KC 1 of 5- ocr.pdf,50
"August 25, 2014",K2013-01216,PALMER PLACE LDTS 2-9 & S 1/2 VAC ALLEY LYN OF & ADJ TO LOTS 3-9 & N 1/2 VAC ALLEY LY S OF & ADJ TO LOT 2 ,28-140-13-14-00-0-00-000,"BRAD HENRICHS, 6327 NW 78TH TERRACE, KANSAS CITY, MO 64151",-94.5013941906,39.0939187419,"6924 E TRUMAN RD, KANSAS CITY, MO 64126",http://maps.jacksongov.org/PropertyReport/propertyReport.cfm?pid=28-140-13-14-00-0-00-000,data/PDFs/2013/KC 1 of 5- ocr.pdf,51
"August 25, 2014",K2013-01220,COMMISSIONERS PLAT OF FOREST PARK LOT 45 ,28-210-05-06-00-0-00-000,"NANCY T CHAGOYA, 12862 WEST 88TH CIRCLE APT 13, LENEXA, KS 66215",-94.5199904161,39.1040572820,"5227 E 6TH ST, KANSAS CITY, MO 64124",http://maps.jacksongov.org/PropertyReport/propertyReport.cfm?pid=28-210-05-06-00-0-00-000,data/PDFs/2013/KC 1 of 5- ocr.pdf,52
"August 25, 2014",K2013-01230,ROSENTHALS RES OF BLOOMFIELD ADD---W 25' LOT 9 BLK B ,28- 220-01-32-02-0-00-000,"JOCELYN REYNAGA, 2411 SOUTH LEES SUMMIT ROAD, INDEPENDENCE, MO 64052",,,,http://maps.jacksongov.org/PropertyReport/propertyReport.cfm?pid=28- 220-01-32-02-0-00-000,data/PDFs/2013/KC 1 of 5- ocr.pdf,53
"August 25, 2014",K2013-01231, GREEN VIEW ADD LOT 28 ,28-220-03-12-00-0-00-000,,-94.5289250496,39.1045771783,"621 CYPRESS AVE, KANSAS CITY, MO 64124",http://maps.jacksongov.org/PropertyReport/propertyReport.cfm?pid=28-220-03-12-00-0-00-000,data/PDFs/2013/KC 1 of 5- ocr.pdf,54
"August 25, 2014",K2013-01237,ROSENTHALS RES OF BLOOMFIELD ADD S 1/2 VAC ALLEY N OF & ADJ & E  7' OF LOT 13 & S  1/2 VAC ALLEY N OF & ADJ & W  22' OF LOT 14 BLK D ,28-220-13-18-00-0-00-000,"NANCY T CHAGOYA, 12862 WEST 88TH CIRCLE APT 13, LENEXA, KS 66215",-94.5253416460,39.1038287163,"4808 E 7TH ST, KANSAS CITY, MO 64124",http://maps.jacksongov.org/PropertyReport/propertyReport.cfm?pid=28-220-13-18-00-0-00-000,data/PDFs/2013/KC 1 of 5- ocr.pdf,55
"August 25, 2014",K2013-01243,ROSENTHALS RESURVEY OF BLOOMFIELD ADD LOT 15 BLK G ,28-220-25-20-00-0-00-000,"MARBHELY GONZALEZ, 1312 MONROE, KANSAS CITY, MO 64127",-94.5252486479,39.1019678277,"4810 E 9TH ST, KANSAS CITY, MO 64124",http://maps.jacksongov.org/PropertyReport/propertyReport.cfm?pid=28-220-25-20-00-0-00-000,data/PDFs/2013/KC 1 of 5- ocr.pdf,56
"August 28, 2014",K2013-01244,ROSENTHALS RES OF BLOOMFIELD ADD BEG AT A PT 40' E OF NW COR LOT 26 TH S 65 TH E 80 ' TH N 66' TH W 80' TO POB BLK G ,28-220-25-28-02-l-00-000,"GRACIELA CABRERA, 1738 FULLER AVENUE, KANSAS CITY, MO 64126",,,,http://maps.jacksongov.org/PropertyReport/propertyReport.cfm?pid=28-220-25-28-02-l-00-000,data/PDFs/2013/KC 1 of 5- ocr.pdf,57
"August 25, 2014",K2013-01245,ROSENTHALS RES OF BLOOMFIELD ADD LOTS 12-14 BLK G ,28-220-25-32-00-0-00-000,"ABDUL SUBHAN MOHAMMED, 14300 BALLENTINE STREET, OVERLAND PARK, KS 66221",-94.5255537254,39.1019787666,"4808 E 9TH ST, KANSAS CITY, MO 64124",http://maps.jacksongov.org/PropertyReport/propertyReport.cfm?pid=28-220-25-32-00-0-00-000,data/PDFs/2013/KC 1 of 5- ocr.pdf,58
"August 25, 2014",K2013-01248,MOUNT VERNON LOTS 52-53-54-55 BLK 2 ,28-220-28-36-00-0-00-000,"PRINCE OTIIS BODI, INC., 6143 WEST 120TH STREET #98, OVERLAND PARK, KS 66209",-94.5292020654,39.1002649243,"4424 CLOON AVE, KANSAS CITY, MO 64127",http://maps.jacksongov.org/PropertyReport/propertyReport.cfm?pid=28-220-28-36-00-0-00-000,data/PDFs/2013/KC 1 of 5- ocr.pdf,59
"August 25, 2014",K2013-01263,EAST KENSINGTON S 43' OF N 44' OF LOT 15 BLK 14 ,28-230-22-21-00-0-00-000,"EVANGELINA MUNOZ, 329 INDIANA AVENUE, KANSAS CITY, MO 64124",-94.5260966434,39.0911197600,"1636 CHELSEA AVE, KANSAS CITY, MO 64127",http://maps.jacksongov.org/PropertyReport/propertyReport.cfm?pid=28-230-22-21-00-0-00-000,data/PDFs/2013/KC 1 of 5- ocr.pdf,60
"August 25, 2014",K2013-01265,EAST KENSINGTON W 1/2 VAC ALLEY E &  ADJ & N  32' LOT 8 BLK 16 ,28-230-23-10-00-0-00-000,"ANGELICA LOPEZ, 2411 SOUTH LEES SUMMIT ROAD, INDEPENDENCE, MO 64055",-94.5254750509,39.0913969285,"1631 CHELSEA AVE, KANSAS CITY, MO 64127",http://maps.jacksongov.org/PropertyReport/propertyReport.cfm?pid=28-230-23-10-00-0-00-000,data/PDFs/2013/KC 1 of 5- ocr.pdf,61
"August 25, 2014",K2013-01270,HARDESTY PARK S 27.5' OF LOT 129 ,28-240-06-08-00-0-00-000,"RAYLENE MARTINEZ, 8602 INDEPENDENCE AVENUE, KANSAS CITY, MO 64125",-94.5207937158,39.0970987682,"1217 COLLINS AVE, KANSAS CITY, MO 64127",http://maps.jacksongov.org/PropertyReport/propertyReport.cfm?pid=28-240-06-08-00-0-00-000,data/PDFs/2013/KC 1 of 5- ocr.pdf,62
"August 25, 2014",K2013-01273,BRIGHTON PARK E 111. 77' OF LOT 45 ,28-240-08-16-00-0-00-000,"EVANGELINA MUNOZ, 329 INDIANA AVENUE, KANSAS CITY, MO 64124",-94.5229817220,39.0961021658,"1323 VAN BRUNT BLVD, KANSAS CITY, MO 64127",http://maps.jacksongov.org/PropertyReport/propertyReport.cfm?pid=28-240-08-16-00-0-00-000,data/PDFs/2013/KC 1 of 5- ocr.pdf,63
"August 25, 2014",K2013-01280,SAIGHMAN PLACE NO 2 N 28 Ff OF LOT 14 & S 8  Ff OF LOT 15 ,28-240-14-14-00-0-00-000,"GRICELDA E LOPEZ, 1541 ROCKWOOD STREET, APARTMENT 12 LOS ANGELES, CA 90026",-94.5185725470,39.0934253816,"1512 DRURY AVE, KANSAS CITY, MO 64127",http://maps.jacksongov.org/PropertyReport/propertyReport.cfm?pid=28-240-14-14-00-0-00-000,data/PDFs/2013/KC 1 of 5- ocr.pdf,64
"August 25, 2014",K2013-01283,FAIRVIEW PLACE S 33 1/3' OF N 66 2/3' OF LOT 1 BLK 3 ,28-240-21-33-00-0-00-000,"OLA INVESTMENTS LLC, 4734 BELLEVIEW AVENUE, KANSAS CITY, MO 64112",-94.5151501692,39.0925412506,"1602 TOPPING AVE, KANSAS CITY, MO 64126",http://maps.jacksongov.org/PropertyReport/propertyReport.cfm?pid=28-240-21-33-00-0-00-000,data/PDFs/2013/KC 1 of 5- ocr.pdf,65
"August 25, 2014",K2013-01290, GAGE'S ADD N 32' OF S 126' OF E 20' LOT 8 BLK 6 & N 32' OF S 126' LOTS 9 & 10 BLK 6 ,28-310-15-54-00-0-00-000,,-94.5392025991,39.1034852614,"714 MONROE AVE, KANSAS CITY, MO 64124",http://maps.jacksongov.org/PropertyReport/propertyReport.cfm?pid=28-310-15-54-00-0-00-000,data/PDFs/2013/KC 1 of 5- ocr.pdf,66
"August 25, 2014",K2013-01294, MC GRAIL & FELTON'$ ADD W 33' OF LOT 29 (EX PT IN 9TH ST) ,28-310-20-17-00-0-00-000,,-94.5337609223,39.1022551486,"4110 E 9TH ST, KANSAS CITY, MO 64124",http://maps.jacksongov.org/PropertyReport/propertyReport.cfm?pid=28-310-20-17-00-0-00-000,data/PDFs/2013/KC 1 of 5- ocr.pdf,67
"August 25, 2014",K2013-01295,WADES SUB N 36' OF E 10' OF LOT 14 & N  36' DF LOTS 15 & 16 (EX PT OF LOT 16 IN CLEVELAND AVE) ,28-310-23-42-00-0-00-000,"JAROD JAMISON, 2101 LINWOOD BLVD # OFFICE, KANSAS CITY, MO 64109",-94.5377528391,39.1013857736,"916 CLEVELAND AVE, KANSAS CITY, MO 64127",http://maps.jacksongov.org/PropertyReport/propertyReport.cfm?pid=28-310-23-42-00-0-00-000,data/PDFs/2013/KC 1 of 5- ocr.pdf,68
"August 25, 2014",K2013-01300,BALES PARK S 30' LOT 16 ,28-310-37-15-00-0-00-000,"SARAH COCHRAN, 1007 NORTON AVENUE, KANSAS CITY, MO 64127",-94.5379261025,39.0988427228,"1118 CLEVELAND AVE, KANSAS CITY, MO 64127",http://maps.jacksongov.org/PropertyReport/propertyReport.cfm?pid=28-310-37-15-00-0-00-000,data/PDFs/2013/KC 1 of 5- ocr.pdf,69
"August 29, 2014",K2013-01309,STEWART M PLACE S 55' LOTS 1 & 2 & S 55' OF E 34' LOT 3 BLK B & N 7.66' VAC ALLYS & ADJ ,28-320-12-45-00-0-00-000,"GRICELDA E LOPEZ, 1541 ROCKWOOD STREET, APARTMENT 12 LOS ANGELES, CA 90026",-94.5487069504,39.1040304599,"706 CHESTNUT AVE, KANSAS CITY, MO 64124",http://maps.jacksongov.org/PropertyReport/propertyReport.cfm?pid=28-320-12-45-00-0-00-000,data/PDFs/2013/KC 1 of 5- ocr.pdf,70
"August 25, 2014",K2013-01322,BALES S H  FIRST ADD E 14.25' OF LOT 5 &  AL L OF LOT 6 BLK 2 ,28-320-27-28-00-0-00-000,"SHERRY CALLAHAN, 3300 EAST 10TH STREET, KANSAS CITY, MO 64127",-94.5426884086,39.0997054294,"3236 PEERY AVE, KANSAS CITY, MO 64127",http://maps.jacksongov.org/PropertyReport/propertyReport.cfm?pid=28-320-27-28-00-0-00-000,data/PDFs/2013/KC 1 of 5- ocr.pdf,71
"August 25, 2014",K2013-01330,BERNARD PLACE N 33 1/3' OF LOT 52 BLK 4 ,28-330-12-02-00-0-00-000,"BRANDON M. DIXON, 9412 RALSTON AVENUE, KANSAS CITY, MO 64138",-94.5430991682,39.0971192556,"1301 COLLEGE AVE, KANSAS CITY, MO 64127",http://maps.jacksongov.org/PropertyReport/propertyReport.cfm?pid=28-330-12-02-00-0-00-000,data/PDFs/2013/KC 1 of 5- ocr.pdf,72
August 251 2014,K2013-01333,CARL TON PLACE LOT 60 ,28-340-06-16-00-0-00-000,"MARBHELY GONZALEZ, 1312 MONROE, KANSAS CITY, MO 64127",-94.5408047823,39.0972895470,"1233 BALES AVE, KANSAS CITY, MO 64127",http://maps.jacksongov.org/PropertyReport/propertyReport.cfm?pid=28-340-06-16-00-0-00-000,data/PDFs/2013/KC 1 of 5- ocr.pdf,73
Could not process page 74
"August 25, 2014",K2013-01346, INDIANA PLACE LOT 7 ,28-410-19-02-00-0-00-000,,-94.5424380891,39.0875526559,"2001 INDIANA AVE, KANSAS CITY, MO 64127",http://maps.jacksongov.org/PropertyReport/propertyReport.cfm?pid=28-410-19-02-00-0-00-000,data/PDFs/2013/KC 1 of 5- ocr.pdf,75
"August 25, 2014",K2013-01347,INDIANA PLACE TH N 21.09' OF LOT 6 ,28-410-19-03-00-0-00-000,"ROBIN HUNT, 5214 COLLEGE AVENUE, KANSAS CITY, MO 64130",-94.5424418058,39.0874858657,"2003 INDIANA AVE, KANSAS CITY, MO 64127",http://maps.jacksongov.org/PropertyReport/propertyReport.cfm?pid=28-410-19-03-00-0-00-000,data/PDFs/2013/KC 1 of 5- ocr.pdf,76
"August 25, 2014",K2013-01348,INDIANA PLACE ALL OF LOT 5 S  3.9' OF LOT 6 ,28-410-19-04-00-0-00-000,"ROBIN HUNT, 5214 COLLEGE AVENUE, KANSAS CITY, MO 64130",-94.5424458363,39.0874119823,"2005 INDIANA AVE, KANSAS CITY, MO 64127",http://maps.jacksongov.org/PropertyReport/propertyReport.cfm?pid=28-410-19-04-00-0-00-000,data/PDFs/2013/KC 1 of 5- ocr.pdf,77
"August 25, 2014",K2013-01349,INDIANA PLACE N 17 1/2' OF LOT 3 ALL OF LOT 4 ,28-410-19-05-00-0-00-000,"ROBIN HUNT, 5214 COLLEGE AVENUE, KANSAS CITY, MO 64130",-94.5424494949,39.0873434188,"2009 INDIANA AVE, KANSAS CITY, MO 64127",http://maps.jacksongov.org/PropertyReport/propertyReport.cfm?pid=28-410-19-05-00-0-00-000,data/PDFs/2013/KC 1 of 5- ocr.pdf,78
"August 25, 2014",K2013-01350,SEACHREST'S W C FIRST ADD LOT 1 ,28-410-19-08-00-0-00-000,"ROBIN HUNT, 5214 COLLEGE AVENUE, KANSAS CITY, MO 64130",-94.5424634943,39.0870690050,"2015 INDIANA AVE, KANSAS CITY, MO 64127",http://maps.jacksongov.org/PropertyReport/propertyReport.cfm?pid=28-410-19-08-00-0-00-000,data/PDFs/2013/KC 1 of 5- ocr.pdf,79
"August 25, 2014",K2013-01356,INDIANA PLACE S 18' OF LOT 9 & N 16' OF LOT 10 ,28-410-19-27-00-0-00-000,"EXTRA INVESTMENTS LLC, 12761 WEST 110TH TERRACE, OVERLAND PARK, KS 66210",-94.5419464727,39.0874309138,"2002 BALES AVE, KANSAS CITY, MO 64127",http://maps.jacksongov.org/PropertyReport/propertyReport.cfm?pid=28-410-19-27-00-0-00-000,data/PDFs/2013/KC 1 of 5- ocr.pdf,80
"August 25, 2014",K2013-01357,INDIANA PLACE---N 15' OF LOT 2 & S 7.50' OF LOT 3 ,28-410-l 9-30-00-0-00-000,"ROBIN HUNT, 5214 COLLEGE AVENUE, KANSAS CITY, MO 64130",,,,http://maps.jacksongov.org/PropertyReport/propertyReport.cfm?pid=28-410-l 9-30-00-0-00-000,data/PDFs/2013/KC 1 of 5- ocr.pdf,81
"August 25, 2014",K2013-01358, INDIANA PLACE LOT 1 & S 10' OF LOT 2 ,28-410-19-31-00-0-00-000,,-94.5424600581,39.0871376599,"2013 INDIANA AVE, KANSAS CITY, MO 64127",http://maps.jacksongov.org/PropertyReport/propertyReport.cfm?pid=28-410-19-31-00-0-00-000,data/PDFs/2013/KC 1 of 5- ocr.pdf,82
"August 25, 2014",K2013-01360,REED & LEES SUB N 25' OF W 122.75' OF LOT 11 BLK 3 ,28-410-23-31-00-0-00-000,"JAMES B WILLIAMS, 105 W 39TH STREET, #403 KANSAS CITY, MO 64111",-94.5386832695,39.0847574971,"2210 CLEVELAND AVE, KANSAS CITY, MO 64127",http://maps.jacksongov.org/PropertyReport/propertyReport.cfm?pid=28-410-23-31-00-0-00-000,data/PDFs/2013/KC 1 of 5- ocr.pdf,83
"August 29, 2014",K2013-01363,ISAAC'S MAX FIRST ADD E 11' LOT9 & W 21' LOT 10 ,28-410-25-02-00-0-00-000,"ANTHONY MAURICE EZELL, 3240 SPRUCE, KANSAS CITY, MO 64128",-94.5419505688,39.0861726089,"3419 E 21ST ST, KANSAS CITY, MO 64127",http://maps.jacksongov.org/PropertyReport/propertyReport.cfm?pid=28-410-25-02-00-0-00-000,data/PDFs/2013/KC 1 of 5- ocr.pdf,84
"August 29, 2014",K2013-01364,ISAAC'S MAX FIRST ADD E 18' LOT 8 & W  14' LOT 9 ,28-410-25-03-00-0-00-000,"ANTHONY MAURICE EZELL, 3240 SPRUCE, KANSAS CITY, MO 64128",-94.5420612416,39.0861761957,"3417 E 21ST ST, KANSAS CITY, MO 64127",http://maps.jacksongov.org/PropertyReport/propertyReport.cfm?pid=28-410-25-03-00-0-00-000,data/PDFs/2013/KC 1 of 5- ocr.pdf,85
"August 29, 2014",K2013-01366,WALNUT GROVE LOTS 16 & 17 BLK 2 & W  11.91' LOT 18 BLK 2 ,28-420-15-01-00-0-00-000,"FIREHOUSE FOUR LLC, 1718 BROOKLYN AVENUE, KANSAS CITY, MO 64127",-94.5428915761,39.0894271893,"3333 E 19TH ST, KANSAS CITY, MO 64127",http://maps.jacksongov.org/PropertyReport/propertyReport.cfm?pid=28-420-15-01-00-0-00-000,data/PDFs/2013/KC 1 of 5- ocr.pdf,86
"August 26, 2014",K2013-01385,FREDERICK'S P A  THIRD ADD E 20' OF LOT 25 & W  10' OF LOT 26 BLK 3 PTO COMMENTS: K82-578 ,28-420-22-17-00-0-00-000,"EXTRA INVESTMENTS LLC, 12761 WEST 110TH TERRACE, OVERLAND KS 66210",-94.5464061119,39.0883060604,"3018 E 20TH ST, KANSAS CITY, MO 64127",http://maps.jacksongov.org/PropertyReport/propertyReport.cfm?pid=28-420-22-17-00-0-00-000,data/PDFs/2013/KC 1 of 5- ocr.pdf,87
"August 26, 2014",K2013-01386,FREDERICK'S P A  3RD ADD E 15' OF LOT 26 & W 15' OF LOT 27 BLK 3 ,28-420-22-18-00-0-00-000,"EXTRA INVESTMENTS LLC, 12761 WEST 110TH TERRACE, OVERLAND PARK, KS 66210",-94.5462997029,39.0883026706,"3020 E 20TH ST, KANSAS CITY, MO 64127",http://maps.jacksongov.org/PropertyReport/propertyReport.cfm?pid=28-420-22-18-00-0-00-000,data/PDFs/2013/KC 1 of 5- ocr.pdf,88
"August 26, 2014",K2013-01387,FREDERICKS P A  THIRD ADD E 10' OF LOT 27 & W 20' OF LOT 28 BLK 3 ,28-420-22-19-00-0-00-000,"EXTRA INVESTMENTS LLC, 12761 WEST 110TH TERRACE, OVERLAND PARK, KS 66210",-94.5461934397,39.0882977476,"3022 E 20TH ST, KANSAS CITY, MO 64127",http://maps.jacksongov.org/PropertyReport/propertyReport.cfm?pid=28-420-22-19-00-0-00-000,data/PDFs/2013/KC 1 of 5- ocr.pdf,89
"August 26, 2014",K2013-01388,FREDERICKS P A  THIRD ADD E 5  FT OF LOT 28 BLK 3 ALL OF LOT 29 BLK 3 ,28-420-22-20-00-0-00-000,"EXTRA INVESTMENTS LLC, 12761 WEST 110TH TERRACE, OVERLAND PARK, KS 66210",-94.5460871856,39.0882943232,"3024 E 20TH ST, KANSAS CITY, MO 64127",http://maps.jacksongov.org/PropertyReport/propertyReport.cfm?pid=28-420-22-20-00-0-00-000,data/PDFs/2013/KC 1 of 5- ocr.pdf,90
"August 26, 2014",K2013-01405,SCHEIBE PLACE LOT 10 ,28-4 20-30-14-00-0-00-000,"HENRY C HARRIS, 3308 EAST 21ST, KANSAS CITY, MO 64127",,,,http://maps.jacksongov.org/PropertyReport/propertyReport.cfm?pid=28-4 20-30-14-00-0-00-000,data/PDFs/2013/KC 1 of 5- ocr.pdf,91
"August 26, 2014",K2013-01406,SCHEIBE PLACE LDT 9 ,28-420-30-15-00-0-00-000,"HENRY C HARRIS, 3308 EAST 21ST, KANSAS CITY, MO 64127",-94.5436790384,39.0866173937,"3314 E 21ST ST, KANSAS CITY, MO 64127",http://maps.jacksongov.org/PropertyReport/propertyReport.cfm?pid=28-420-30-15-00-0-00-000,data/PDFs/2013/KC 1 of 5- ocr.pdf,92
"August 26, 2014",K2013-01408,HYDE'S FIRST ADD LOT 9 ,28-420-36-11-00-0-00-000,"CHERITA HOOKER, 4126 VINEYARD ROAD, KANSAS CITY, MO 64130",-94.5506129830,39.0856657140,"2127 MONTGALL AVE, KANSAS CITY, MO 64127",http://maps.jacksongov.org/PropertyReport/propertyReport.cfm?pid=28-420-36-11-00-0-00-000,data/PDFs/2013/KC 1 of 5- ocr.pdf,93
"August 26, 2014",K2013-01413,STIFTER'S ADD E 90 FT OF S 27 FT OF LOT 2 & E  90 FT OF N 13 FT OF LOT3 BLK 2 ,28-420-38-17-00-0-00-000,"RITA TERREROS, 4343 TERRACE, KANSAS CITY, MO 64111",-94.5512010355,39.0853232643,"2206 MONTGALL AVE, KANSAS CITY, MO 64127",http://maps.jacksongov.org/PropertyReport/propertyReport.cfm?pid=28-420-38-17-00-0-00-000,data/PDFs/2013/KC 1 of 5- ocr.pdf,94
"August 26, 2014",K2013-01417,CLARKE PLACE LOT 2 ,28-420-42-31-00-0-00-000,"RITA TERREROS, 4343 TERRACE, KANSAS CITY, MO 64111",-94.5460219779,39.0852327334,"2202 WALROND AVE, KANSAS CITY, MO 64127",http://maps.jacksongov.org/PropertyReport/propertyReport.cfm?pid=28-420-42-31-00-0-00-000,data/PDFs/2013/KC 1 of 5- ocr.pdf,95
Could not process page 96
"August 26, 2014",K2013-01435,LAFAYETIE PLACE LOT 2 BLK 6 ,28-430-22-15-00-0-00-000,"GRACIBEL CARDENAS, 3422 SOUTH 6 STREET, KANSAS CITY, MO 64124",-94.5479758233,39.0813990753,"2440 AGNES AVE, KANSAS CITY, MO 64127",http://maps.jacksongov.org/PropertyReport/propertyReport.cfm?pid=28-430-22-15-00-0-00-000,data/PDFs/2013/KC 1 of 5- ocr.pdf,97
"August 26, 2014",K2013-01440,CENTRAL PARK S 50'-EX PT IN 26TH ST-OF LOT 2BLK 2 & E 1/2 VAC ALLEY W OF & ADJ ,28-430-27-23-00-0-00-000,"JOHN A NICHOLS JR, 4000 SW EVERGREEN LANE, LEES SUMMIT, MO 64082",-94.5504150558,39.0790144652,"2712 E 26TH ST, KANSAS CITY, MO 64127",http://maps.jacksongov.org/PropertyReport/propertyReport.cfm?pid=28-430-27-23-00-0-00-000,data/PDFs/2013/KC 1 of 5- ocr.pdf,98
August 261 2014,K2013-01475,JACKSON PARK N 5  FT OF LOT 84 & ALL OF LOT 85 ,28-440-14-02-00-0-00-000,"ROBIN HUNT, 5214 COLLEGE AVENUE, KANSAS CITY, MO 64130",-94.5357987944,39.0820465479,"2401 MYRTLE AVE, KANSAS CITY, MO 64127",http://maps.jacksongov.org/PropertyReport/propertyReport.cfm?pid=28-440-14-02-00-0-00-000,data/PDFs/2013/KC 1 of 5- ocr.pdf,99
"August 26, 2014",K2013-01504,SCDTI HEIGHTS S 35' LOT 42 ,28-510-10-22-00-0-00-000,"TOREY LOGAN, 1624 CYPRESS AVENUE, KANSAS CITY, MO 64127",-94.5224155525,39.0861327650,"2022 DENVER AVE, KANSAS CITY, MO 64127",http://maps.jacksongov.org/PropertyReport/propertyReport.cfm?pid=28-510-10-22-00-0-00-000,data/PDFs/2013/KC 1 of 5- ocr.pdf,100
